phi,mean_self_profile,pair_7_10,pair_7_8,pair_7_9
0,0.48112825674824,0.48928223344504,0.487397710717578,0.466704826082102
0.0122958616578857,0.480844843575444,0.489138033060783,0.487243138706304,0.466153358959246
0.0245917233157714,0.480517225954077,0.488942157985624,0.487045847437927,0.465563672438679
0.0368875849736571,0.480146096912895,0.488695075001014,0.486806189511862,0.464937026225809
0.0491834466315427,0.479732156586973,0.488397286432252,0.486524529449283,0.464274653879383
0.0614793082894284,0.479276099688691,0.488049317888589,0.486201231557813,0.463577749619672
0.0737751699473141,0.478778602945482,0.487651705851366,0.485836647714894,0.462847455270187
0.0860710316051998,0.478240312566052,0.487204985172832,0.485431105131959,0.462084847393365
0.0983668932630855,0.477661831796683,0.48670967654859,0.484984894161652,0.461290924679808
0.110662754920971,0.477043708628865,0.486166274026758,0.484498256210185,0.460466595649651
0.122958616578857,0.476386423718882,0.485575232616725,0.483971371816595,0.459612666723326
0.135254478236743,0.47569037857914,0.484936956059971,0.483404348959963,0.458729830717486
0.147550339894628,0.474955884099893,0.484251784824739,0.482797211654812,0.457818655820129
0.159846201552514,0.474183149458716,0.483519984385372,0.482149888893745,0.456879575097031
0.1721420632104,0.473372271473468,0.482741733845999,0.481462203994997,0.455912876579409
0.184437924868285,0.472523224452721,0.481917114966751,0.480733864410959,0.454918693980452
0.196733786526171,0.471635850595573,0.481046101649056,0.479964452051903,0.453896998085761
0.209029648184057,0.470709850990575,0.480128549934651,0.479153414177003,0.452847588860072
0.221325509841942,0.469744777261018,0.479164188570792,0.478300054902525,0.451770088309736
0.233621371499828,0.468740023901242,0.478152610191817,0.477403527374501,0.450663934137407
0.245917233157714,0.467694821345794,0.477093263164649,0.476462826650535,0.449528374222198
0.258213094815599,0.466608229810278,0.47598544414308,0.475476783332499,0.448362461955257
0.270508956473485,0.465479133939607,0.474828291372723,0.474444057988803,0.447165052457294
0.282804818131371,0.464306238296066,0.473620778785427,0.473363136401723,0.445934799701048
0.295100679789256,0.463088063716189,0.472361710918651,0.472232325671873,0.444670154558043
0.307396541447142,0.461822944561863,0.47104971869188,0.471049751208407,0.443369363785302
0.319692403105028,0.460509026887467,0.469683256068609,0.469813354629898,0.442030469963895
0.331988264762914,0.459144267541074,0.468260597628727,0.468520892597097,0.440651312397398
0.344284126420799,0.457726434213912,0.466779837072348,0.467169936594924,0.439229528974463
0.356579988078685,0.45625310644842,0.465238886672269,0.465757873677132,0.437762558995861
0.368875849736571,0.454721677611264,0.463635477688242,0.464281908183101,0.43624764696245
0.381171711394456,0.453129357833708,0.461967161752276,0.462739064432162,0.434681847316686
0.393467573052342,0.451473177917769,0.460231313230071,0.461126190396817,0.433062030126419
0.405763434710228,0.449749994202564,0.458425132559634,0.459439962352102,0.431384887695957
0.418059296368113,0.44795649438129,0.456545650563987,0.457676890494278,0.429646942085606
0.430355158025999,0.44608920425532,0.454589733730804,0.455833325517936,0.42784455351722
0.442651019683885,0.444144495408007,0.452554090447688,0.453905466136601,0.425973929639732
0.45494688134177,0.442118593776926,0.450435278177806,0.451889367527876,0.424031135625097
0.467242742999656,0.440007589099514,0.448229711556539,0.44978095068027,0.422012105061733
0.479538604657542,0.43780744520339,0.445933671385925,0.447576012614983,0.419912651609263
0.491834466315427,0.435514011109063,0.443543314499788,0.445270237452166,0.417728481375235
0.504130327973313,0.433123032909256,0.441054684468712,0.442859208287512,0.415455205971545
0.516426189631199,0.430630166385772,0.438463723110389,0.440338419841504,0.413088356205423
0.528722051289085,0.428030990321611,0.435766282767317,0.43770329184026,0.410623396357256
0.54101791294697,0.425321020463049,0.432958139310506,0.434949183083647,0.408055738994994
0.553313774604856,0.422495724083508,0.430035005824605,0.43207140615327,0.40538076027265
0.565609636262742,0.419550535098375,0.42699254692679,0.429065242710027,0.402593815658308
0.577905497920627,0.416480869677439,0.42382639366894,0.425925959328193,0.399690256035183
0.590201359578513,0.413282142299327,0.420532158969891,0.422648823810476,0.396665444117615
0.602497221236399,0.409949782190238,0.417105453522098,0.419229121926164,0.393514771122453
0.614793082894284,0.406479250087405,0.413541902114786,0.415662174512384,0.390233673635045
0.62708894455217,0.4028660552661,0.409837160313587,0.411943354876612,0.3868176506081
0.639384806210056,0.399105772767567,0.405986931434857,0.408068106436934,0.383262280430909
0.651680667867941,0.395194060764118,0.401986983751299,0.404031960535151,0.379563238005903
0.663976529525827,0.391126677996694,0.397833167864133,0.399830554356665,0.375716311769284
0.676272391183713,0.386899501219511,0.39352143417601,0.395459648890156,0.371717420592367
0.688568252841599,0.382508542585994,0.389047850397986,0.390915146859451,0.367562630500545
0.700864114499484,0.377949966910004,0.384408619023304,0.386193110559531,0.363248171147178
0.71315997615737,0.373220108736453,0.379600094700416,0.381289779528529,0.358770451980415
0.725455837815256,0.368315489155712,0.374618801437577,0.37620158798768,0.354126078041878
0.737751699473141,0.3632328322968,0.36946144957158,0.370925181981565,0.349311865337255
0.750047561131027,0.357969081435178,0.364124952433625,0.365457436151645,0.344324855720265
0.762343422788913,0.352521414652009,0.358606442646049,0.359795470076968,0.339162331233009
0.774639284446798,0.346887259983097,0.352903287984615,0.353936664117106,0.333821827847571
0.786935146104684,0.341064309997258,0.347013106742269,0.347878674693773,0.328301148555733
0.79923100776257,0.335050535745634,0.34093378253178,0.341619448949235,0.322598375755886
0.811526869420455,0.328844200025517,0.334663478466374,0.335157238721518,0.31671188288866
0.823822731078341,0.322443869904443,0.32820065065944,0.328490613778539,0.310640345275349
0.836118592736227,0.315848428452758,0.321544060986588,0.321618474255647,0.304382750116038
0.848414454394112,0.30905708563553,0.314692789055734,0.31454006224364,0.297938405607217
0.860710316051998,0.302069388317465,0.307646243333532,0.307254972477069,0.291306949141793
0.873006177709884,0.294885229337532,0.300404171379291,0.299763162075673,0.284488354557633
0.88530203936777,0.287504855613188,0.292966669140563,0.292064959294888,0.277482938404111
0.897597901025655,0.279928875237392,0.285334189267765,0.284161071244784,0.270291365199627
0.909893762683541,0.272158263535155,0.277507548408622,0.276052590540214,0.262914651656629
0.922189624341426,0.264194368049913,0.269487933446719,0.267741000848678,0.255354169854343
0.934485485999312,0.256038912433819,0.261276906652146,0.259228181306164,0.247611649343146
0.946781347657198,0.247693999219842,0.252876409716068,0.250516409775128,0.23968917816833
0.959077209315084,0.239162111457541,0.244288766644919,0.241608364922848,0.231589202804855
0.971373070972969,0.230446113198343,0.235516685494034,0.232507127102445,0.22331452699855
0.983668932630855,0.221549248820286,0.226563258924585,0.223216178023106,0.214868309513166
0.995964794288741,0.212475141186244,0.217431963571935,0.213739399200265,0.206254060786532
1.00826065594663,0.203227788633869,0.208126658217752,0.204081069180846,0.197475638503007
1.02055651760451,0.193811560799576,0.198651580762512,0.194245859542951,0.188537242093265
1.0328523792624,0.184231193283137,0.189011343999358,0.18423882967378,0.179443406176272
1.04514824092028,0.174491781163527,0.17921093019458,0.174065420333895,0.170198992962108
1.05744410257817,0.164598771380847,0.169255684484319,0.163731446020256,0.160809183637966
1.06973996423605,0.154557954003163,0.159151307101385,0.153243086144801,0.151279468763305
1.08203582589394,0.144375452401156,0.1489038444503,0.142606875049533,0.141615637703634
1.09433168755183,0.134057712357365,0.138519679052927,0.13182969088331,0.131823767135856
1.10662754920971,0.123611490140686,0.128005518391114,0.120918743369595,0.121910208661349
1.1189234108676,0.113043839580487,0.11736838267683,0.109881560498458,0.111881575566174
1.13121927252548,0.102362098178333,0.106615591584229,0.0987259741799989,0.101744728770771
1.14351513418337,0.0915738722987826,0.0957547499818388,0.0874601049001196,0.0915067620143892
1.15581099584125,0.0806870214840644,0.0847937327067889,0.0760923454232227,0.0811749863221814
1.16810685749914,0.0697096419405904,0.0737406684265044,0.0646313435898628,0.070756913805404
1.18040271915703,0.058650049248286,0.0626039226366713,0.0530859842606933,0.0602602408474935
1.19269858081491,0.0475167603465263,0.0513920798474753,0.0414653704611764,0.0496928307309272
1.2049944424728,0.0363184748530964,0.0401139250131336,0.0297788037844554,0.0390626957617002
1.21729030413068,0.0250640557750139,0.028778424262549,0.0180357641125204,0.0283779789499723
1.22958616578857,0.0137625096722697,0.0173947049915403,0.00624588871832185,0.017646935306947
1.24188202744645,0.00242296633752673,0.00597203537948049,-0.00558104918622234,0.00687791281932204
1.25417788910434,-0.0089453419434101,-0.00548019660464053,-0.0174351623893038,-0.00392066683628595
1.26647375076223,-0.020333101484017,-0.0169525046397909,-0.0293064720365449,-0.0147403277757152
1.27876961242011,-0.0317309385747376,-0.0284353258654727,-0.0411849303361324,-0.0255725595226076
1.291065474078,-0.0431294410772548,-0.0399190429992173,-0.0530604435400034,-0.0364088366925437
1.30336133573588,-0.0545191801658793,-0.0513940066877327,-0.0649228951282499,-0.0472406386816551
1.31565719739377,-0.0658907321460286,-0.0628505580194941,-0.0767621691230874,-0.0580594692955044
1.32795305905165,-0.077234700279489,-0.0742790511259052,-0.0885681734581867,-0.068856876254375
1.34024892070954,-0.0885417365461035,-0.0856698757977473,-0.100330863328881,-0.0796244705116819
1.35254478236743,-0.099802563271753,-0.0970134800434916,-0.112040264448742,-0.0903539453230251
1.36484064402531,-0.111007994552958,-0.108300392516176,-0.123686496138261,-0.101037095004436
1.3771365056832,-0.122148957409156,-0.119521244735943,-0.1352597941719,-0.111665833319625
1.38943236734108,-0.133216512594679,-0.130666793035982,-0.146750533310538,-0.122232211437517
1.40172822899897,-0.144201875003658,-0.141727940160551,-0.1581492494474,-0.132728435403023
1.41402409065685,-0.155096433602555,-0.152695756444917,-0.169446661296819,-0.143146883065928
1.42631995231474,-0.165891770826698,-0.163561500508497,-0.180633691556787,-0.153480120414809
1.43861581397263,-0.176579681379126,-0.174316639394161,-0.191701487477994,-0.163720917265223
1.45091167563051,-0.187152190372174,-0.184952868088573,-0.202641440774126,-0.173862262253823
1.4632075372884,-0.197601570754597,-0.195462128360624,-0.213445206810453,-0.183897377092713
1.47550339894628,-0.207920359969583,-0.205836626857387,-0.224104723010244,-0.193819730041119
1.48779926060417,-0.218101375791764,-0.216068852399625,-0.234612226421253,-0.203623048554412
1.50009512226205,-0.228137731294246,-0.226151592421734,-0.244960270387423,-0.213301331073581
1.51239098391994,-0.238022848899837,-0.236077948503963,-0.255141740274103,-0.222848857921446
1.52468684557783,-0.247750473473863,-0.245841350948008,-0.265149868198335,-0.232260201275245
1.53698270723571,-0.257314684419433,-0.255435572350426,-0.274978246719247,-0.241530234188627
1.5492785688936,-0.266709906739556,-0.26485474013187,-0.28462084144722,-0.250654138639578
1.56157443055148,-0.275930921034161,-0.274093347983814,-0.294072002534248,-0.259627412584419
1.57387029220937,-0.284972872403924,-0.283146266198308,-0.303326475011835,-0.268445876001629
1.58616615386725,-0.293831278236631,-0.292008750850201,-0.312379407946759,-0.277105675912935
1.59846201552514,-0.302502034855797,-0.300676451805354,-0.321226362389175,-0.285603290372861
1.61075787718303,-0.310981423015291,-0.309145419532518,-0.329863318091725,-0.29393553142163
1.62305373884091,-0.319266112227805,-0.317412110700744,-0.33828667898259,-0.302099547000082
1.6353496004988,-0.327353163919088,-0.325473392548507,-0.346493277379752,-0.310092821829005
1.64764546215668,-0.335240033404044,-0.333326546015039,-0.354480376938114,-0.317913177258978
1.65994132381457,-0.342924570684906,-0.340969267628723,-0.362245674325488,-0.325558770100507
1.67223718547245,-0.35040502007584,-0.348399670151766,-0.369787299627891,-0.333028090447863
1.68453304713034,-0.357680018662416,-0.35561628198474,-0.377103815488943,-0.340319958513565
1.69682890878822,-0.364748593608484,-0.362618045338925,-0.384194214992556,-0.347433520493973
1.70912477044611,-0.371610158326945,-0.369404313188666,-0.391057918302381,-0.354368243489788
1.721420632104,-0.378264507534883,-0.37597484502027,-0.397694768075781,-0.361123909508598
1.73371649376188,-0.384711811217354,-0.382329801398078,-0.40410502367426,-0.367700608579723
1.74601235541977,-0.390952607527861,-0.388469737372513,-0.410289354196373,-0.374098731014698
1.75830821707765,-0.396987794657207,-0.394395594758871,-0.416248830363162,-0.380318958849587
1.77060407873554,-0.402818621705881,-0.400108693319525,-0.421984915290007,-0.386362256508109
1.78289994039342,-0.408446678598541,-0.405610720885952,-0.427499454182539,-0.392229860727131
1.79519580205131,-0.41387388508233,-0.410903722460649,-0.432794662997861,-0.397923269788479
1.8074916637092,-0.419102478853824,-0.415990088342413,-0.437873116115747,-0.403444232103311
1.81978752536708,-0.424135002862285,-0.420872541321788,-0.442737733067767,-0.408794734197298
1.83208338702497,-0.428974291839562,-0.425554122996601,-0.447391764375342,-0.413976988146744
1.84437924868285,-0.43362345810949,-0.430038179260379,-0.451838776550652,-0.418993418517437
1.85667511034074,-0.43808587673189,-0.434328345019223,-0.456082636316974,-0.423846648859474
1.86897097199862,-0.442365170038389,-0.438428528195153,-0.460127494107489,-0.428539487812525
1.88126683365651,-0.44646519161907,-0.442342893076284,-0.463977766903865,-0.433074914877062
1.8935626953144,-0.450390009820645,-0.446075843076187,-0.467638120477892,-0.437456065907857
1.90585855697228,-0.454143890818188,-0.449632002966644,-0.471113451101262,-0.441686218386658
1.91815441863017,-0.457731281323639,-0.453016200649564,-0.474408866790059,-0.445768776531295
1.93045028028805,-0.461156790995209,-0.456233448535142,-0.477529668151852,-0.449707256298634
1.94274614194594,-0.464425174612457,-0.459288924594427,-0.480481328904261,-0.453505270338682
1.95504200360382,-0.467541314082264,-0.462187953155261,-0.483269476134657,-0.457166512956872
1.96733786526171,-0.470510200341084,-0.464935985511103,-0.48589987037115,-0.460694745140997
1.9796337269196,-0.473336915218785,-0.467538580412556,-0.488378385535256,-0.464093779708544
1.99192958857748,-0.476026613329083,-0.470001384511421,-0.490710988846631,-0.467367466629196
2.00422545023537,-0.478584504050988,-0.472330112826879,-0.492903720749955,-0.470519678576129
2.01652131189325,-0.481015833664917,-0.474530529302901,-0.494962674933534,-0.473554296758315
2.02881717355114,-0.483325867706041,-0.476608427525233,-0.496893978508375,-0.476475197084515
2.04111303520902,-0.485519873596191,-0.478569611665295,-0.498703772415438,-0.47928623670784
2.05340889686691,-0.487603103614136,-0.480419877717065,-0.500398192127502,-0.48199124099784
2.0657047585248,-0.489580778262313,-0.482164995091534,-0.501983348710476,-0.484593990984929
2.07800062018268,-0.49145807008617,-0.483810688631534,-0.503465310307295,-0.48709821131968
2.09029648184057,-0.493240088000108,-0.485362621107824,-0.504850084105445,-0.489507558787056
2.10259234349845,-0.494931862171706,-0.486826376255046,-0.506143598847011,-0.49182561141306
2.11488820515634,-0.496538329513331,-0.488207442403816,-0.507351687937644,-0.494055858198533
2.12718406681422,-0.498064319827585,-0.489511196762546,-0.508480073208224,-0.496201689511985
2.13947992847211,-0.499514542650109,-0.490742890399795,-0.509534349380182,-0.49826638817035
2.15177579012999,-0.500893574830268,-0.491907633974948,-0.510519969282368,-0.500253121233486
2.16407165178788,-0.502205848887061,-0.493010384261845,-0.511442229864251,-0.502164932535087
2.17636751344577,-0.503455642174282,-0.494055931506639,-0.512306259046817,-0.50400473596939
2.18866337510365,-0.50464706688554,-0.495048887657716,-0.513117003449099,-0.505775309549804
2.20095923676154,-0.50578406092623,-0.49599367550185,-0.513879217024655,-0.507479290252185
2.21325509841942,-0.506870379675919,-0.496894518737088,-0.514597450638554,-0.509119169652114
2.22555096007731,-0.507909588660907,-0.497755433008977,-0.515276042611631,-0.510697290362112
2.2378468217352,-0.508905057152998,-0.49858021793286,-0.515919110254853,-0.512215843271283
2.25014268339308,-0.50985995270669,-0.499372450120944,-0.516530542412643,-0.513676865586485
2.26243854505097,-0.510777236643161,-0.500135477228808,-0.517113993029976,-0.515082239670698
2.27473440670885,-0.511659660485599,-0.500872413031905,-0.517672875753992,-0.516433692670901
2.28703026836674,-0.512509763346562,-0.501586133538496,-0.518210359576742,-0.517732796924448
2.29932613002462,-0.513329870264194,-0.50227927414132,-0.51872936552162,-0.518980971129643
2.31162199168251,-0.514122091480371,-0.50295422780617,-0.519232564371877,-0.520179482263066
2.3239178533404,-0.514888322650022,-0.503613144291447,-0.519722375435587,-0.521329448223034
2.33621371499828,-0.51563024596722,-0.504257930388684,-0.520200966337356,-0.522431841175619
2.34850957665617,-0.516349332189956,-0.504890251170025,-0.520670253823122,-0.523487491576721
2.36080543831405,-0.517046843542015,-0.505511532224694,-0.521131905560453,-0.524497092840899
2.37310129997194,-0.517723837466868,-0.50612296286262,-0.521587342912936,-0.525461206625047
2.38539716162982,-0.518381171205219,-0.506725500259647,-0.522037744663541,-0.526380268692469
2.39769302328771,-0.519019507164605,-0.507319874515062,-0.522484051658197,-0.527254595320555
2.40998888494559,-0.519639319046389,-0.507906594588708,-0.522926972337381,-0.528084390213078
2.42228474660348,-0.520240898692595,-0.508485955081525,-0.52336698912015,-0.528869751876111
2.43458060826137,-0.520824363612248,-0.509058043820171,-0.523804365601873,-0.529610681414701
2.44687646991925,-0.52138966514433,-0.509622750203276,-0.5242391545239,-0.530307090705813
2.45917233157714,-0.521936597212066,-0.510179774264066,-0.524671206470576,-0.530958810901556
2.47146819323502,-0.522464805621047,-0.510728636401333,-0.525100179246338,-0.53156560121547
2.48376405489291,-0.522973797851693,-0.511268687728299,-0.525525547883198,-0.532127157943582
2.49605991655079,-0.523462953294786,-0.511799120986609,-0.525946615226675,-0.532643123671075
2.50835577820868,-0.523931533877199,-0.512318981970633,-0.52636252304619,-0.533113096614775
2.52065163986657,-0.524378695023628,-0.512827181405452,-0.526772263614169,-0.533536640051261
2.53294750152445,-0.524803496898964,-0.513322507220247,-0.527174691696499,-0.533913291780147
2.54524336318234,-0.525204915875098,-0.51380363715752,-0.527568536895665,-0.534242573572111
2.55753922484022,-0.525581856165228,-0.514269151657397,-0.527952416286804,-0.534524000551484
2.56983508649811,-0.525933161568369,-0.514717546955441,-0.528324847286061,-0.534757090463606
2.58213094815599,-0.526257627266548,-0.515147248331774,-0.528684260690027,-0.534941372777842
2.59442680981388,-0.526554011617215,-0.515556623448936,-0.529029013824711,-0.535076397577999
2.60672267147177,-0.526821047883719,-0.515943995715831,-0.529357403742389,-0.535161744192938
2.61901853312965,-0.527057455847186,-0.516307657615238,-0.529667680404835,-0.535197029521484
2.63131439478754,-0.527261953243932,-0.516645883932796,-0.529958059791836,-0.535181916007163
2.64361025644542,-0.527433266973521,-0.516956944826011,-0.530226736874568,-0.535116119219986
2.65590611810331,-0.527570144023801,-0.517239118672759,-0.530471898394302,-0.534999415004341
2.66820197976119,-0.527671362060682,-0.517490704639924,-0.530691735388042,-0.534831646154078
2.68049784141908,-0.527735739632118,-0.517710034914193,-0.530884455404102,-0.534612728578059
2.69279370307697,-0.527762145937581,-0.517895486538689,-0.531048294352228,-0.534342656921828
2.70508956473485,-0.527749510116401,-0.518045492800973,-0.531181527934702,-0.534021509613527
2.71738542639274,-0.527696830010634,-0.518158554120069,-0.531282482606951,-0.533649453304882
2.72968128805062,-0.527603180360545,-0.518233248382423,-0.53134954601841,-0.533226746680801
2.74197714970851,-0.527467720393421,-0.518268240679279,-0.531381176886878,-0.532753743614106
2.75427301136639,-0.527289700769236,-0.518262292400606,-0.531375914262257,-0.532230895644846
2.76656887302428,-0.527068469849621,-0.51821426964365,-0.531332386138402,-0.531658753766812
2.77886473468217,-0.526803479259675,-0.518123150897213,-0.531249317374791,-0.531037969507019
2.79116059634005,-0.526494288715376,-0.517988033966009,-0.531125536892918,-0.530369295287201
2.80345645799794,-0.526140570092681,-0.517808142102814,-0.53095998411557,-0.529653584059659
2.81575231965582,-0.525742110717821,-0.517582829319645,-0.530751714620637,-0.528891788213183
2.82804818131371,-0.525298815861843,-0.517311584852806,-0.530499904984578,-0.528084957748144
2.84034404297159,-0.524810710426026,-0.516994036760429,-0.530203856794398,-0.527234237723252
2.85263990462948,-0.524277939808479,-0.516629954634895,-0.529862999810654,-0.526340864979889
2.86493576628737,-0.523700769945897,-0.516219251416495,-0.529476894267868,-0.525406164153327
2.87723162794525,-0.52307958652822,-0.515761984298606,-0.52904523230257,-0.524431542983483
2.88952748960314,-0.522414893387675,-0.5152583547187,-0.528567838503105,-0.52341848694122
2.90182335126102,-0.521707310067421,-0.514708707433517,-0.528044669579275,-0.522368553189473
2.91411921291891,-0.520957568578767,-0.514113528680817,-0.527475813153832,-0.521283363901652
2.92641507457679,-0.520166509359629,-0.513473443434148,-0.526861485681777,-0.520164598962964
2.93871093623468,-0.519335076450567,-0.512789211761112,-0.526202029507331,-0.519013988083257
2.95100679789256,-0.518464311908315,-0.512061724299613,-0.525497909072341,-0.517833302352991
2.96330265955045,-0.517555349480288,-0.51129199687049,-0.524749706293694,-0.51662434527668
2.97559852120834,-0.516609407566939,-0.51048116424885,-0.523958115131089,-0.515388943320879
2.98789438286622,-0.515627781502216,-0.509630473120175,-0.52312393537017,-0.514128936016304
3.00019024452411,-0.514611835185567,-0.508741274251003,-0.522248065649637,-0.512846165656061
3.01248610618199,-0.513562992102035,-0.507815013907544,-0.521331495764383,-0.511542466634179
3.02478196783988,-0.512482725769939,-0.506853224559051,-0.520375298280064,-0.510219654470702
3.03707782949776,-0.511372549658417,-0.505857514906099,-0.519380619497706,-0.508879514571445
3.04937369115565,-0.510234006619757,-0.504829559277058,-0.518348669809994,-0.50752379077222
3.06166955281354,-0.509068657883867,-0.503771086439048,-0.517280713493771,-0.506154173718781
3.07396541447142,-0.507878071664506,-0.502683867872471,-0.51617805798598,-0.504772289135068
3.08626127612931,-0.506663811428989,-0.501569705560854,-0.515042042692785,-0.503379686033329
3.09855713778719,-0.505427423884888,-0.500430419350105,-0.513874027383947,-0.501977824920614
3.11085299944508,-0.504170426738948,-0.499267833933537,-0.512675380226597,-0.50056806605671
3.12314886110296,-0.502894296284832,-0.49808376552098,-0.511447465514482,-0.499151657819032
3.13544472276085,-0.501600454877511,-0.496880008252011,-0.510191631150385,-0.497729725230138
3.14774058441874,-0.500290258353097,-0.495658320414923,-0.508909195940865,-0.496303258703504
3.16003644607662,-0.498964983453605,-0.494420410534237,-0.507601436763664,-0.494873103062913
3.17233230773451,-0.497625815316661,-0.493167923390633,-0.506269575669051,-0.4934399468903
3.18462816939239,-0.49627383509039,-0.491902426037912,-0.504914766977091,-0.492004312256167
3.19692403105028,-0.494910007733696,-0.490625393882111,-0.503538084433259,-0.490566544885719
3.20921989270816,-0.493535170061939,-0.489338196888122,-0.502140508485009,-0.489126804812686
3.22151575436605,-0.492150019097466,-0.488042085979145,-0.500722913741861,-0.487685057571393
3.23381161602394,-0.490755100783756,-0.486738179694035,-0.49928605668122,-0.486241065976012
3.24610747768182,-0.489350799120897,-0.485427451167005,-0.497830563661569,-0.484794382534116
3.25840333933971,-0.487937325778943,-0.484110715493376,-0.496356919303871,-0.483344342539583
3.27069920099759,-0.486514710244187,-0.482788617543958,-0.494865455300883,-0.481890057887718
3.28299506265548,-0.485082790551701,-0.481461620289328,-0.493356339712793,-0.480430411652983
3.29529092431336,-0.483641204655598,-0.480129993693658,-0.491829566805989,-0.478964053467148
3.30758678597125,-0.482189382486268,-0.478793804235946,-0.490284947489953,-0.477489395732905
3.31988264762914,-0.480726538741554,-0.477452905114391,-0.488722100405244,-0.476004610705025
3.33217850928702,-0.479251666456215,-0.476106927187356,-0.487140443713219,-0.474507628468068
3.34447437094491,-0.477763531391312,-0.474755270701827,-0.485539187635706,-0.472996135836404
3.35677023260279,-0.476260667282185,-0.473397097857513,-0.48391732779008,-0.471467576198963
3.36906609426068,-0.474741371980588,-0.472031326251771,-0.48227363936235,-0.469919150327645
3.38136195591856,-0.473203704523287,-0.470656623247374,-0.48060667215775,-0.468347818164737
3.39365781757645,-0.471645483155971,-0.469271401301816,-0.478914746565069,-0.466750301601026
3.40595367923434,-0.470064284337793,-0.467873814293299,-0.477195950467546,-0.465123088252533
3.41824954089222,-0.468457442748148,-0.466461754874891,-0.475448137129549,-0.463462436240003
3.43054540255011,-0.466822052313507,-0.465032852884516,-0.47366892408459,-0.461764379971416
3.44284126420799,-0.465154968268235,-0.463584474834473,-0.47185569304634,-0.460024736923893
3.45513712586588,-0.463452810259325,-0.462113724500111,-0.470005590860392,-0.458239115417471
3.46743298752376,-0.461711966500961,-0.460617444623112,-0.468115531510476,-0.456402923369294
3.47972884918165,-0.459928598980711,-0.459092219740567,-0.466182199188689,-0.454511378012876
3.49202471083954,-0.458098649715021,-0.457534380146704,-0.464202052435154,-0.452559516563204
3.50432057249742,-0.456217848047532,-0.455940006989717,-0.462171329348245,-0.450542207804634
3.51661643415531,-0.454281718979588,-0.454304938501753,-0.460086053862293,-0.448454164574718
3.52891229581319,-0.452285592518151,-0.452624777355634,-0.45794204308539,-0.44628995711343
3.54120815747108,-0.450224614022228,-0.45089489913746,-0.455734915685616,-0.444044027243609
3.55350401912896,-0.448093755524833,-0.449110461919792,-0.453460101309795,-0.441710703344911
3.56579988078685,-0.445887828003502,-0.447266416915706,-0.451112851014619,-0.43928421608018
3.57809574244473,-0.443601494568431,-0.445357520189652,-0.448688248685823,-0.436758714829818
3.59039160410262,-0.441229284533453,-0.443378345396744,-0.446181223416994,-0.434128284786621
3.60268746576051,-0.438765608331339,-0.441323297517911,-0.443586562815551,-0.431386964660556
3.61498332741839,-0.436204773231261,-0.439186627554169,-0.440898927199522,-0.428528764940093
3.62727918907628,-0.433540999812785,-0.436962448139335,-0.438112864644923,-0.425547686654097
3.63957505073416,-0.430768439147402,-0.434644750026555,-0.435222826839865,-0.422437740575785
3.65187091239205,-0.427881190635437,-0.432227419400327,-0.432223185697977,-0.419192966808006
3.66416677404994,-0.424873320443145,-0.429704255962081,-0.429108250680327,-0.415807454687027
3.67646263570782,-0.421738880482019,-0.427068991734025,-0.425872286771854,-0.412275362940177
3.68875849736571,-0.41847192786966,-0.424315310522669,-0.422509533055248,-0.408590940031065
3.70105435902359,-0.415066544809201,-0.421436867980488,-0.419014221822419,-0.404748544624697
3.71335022068148,-0.411516858822023,-0.41842731220132,-0.415380598161057,-0.400742666103693
3.72564608233936,-0.407817063266581,-0.415280304782538,-0.411602939951369,-0.396567945065836
3.73794194399725,-0.403961438074393,-0.411989542284648,-0.407675578205932,-0.392219193732599
3.75023780565513,-0.399944370632766,-0.408548778016875,-0.403592917683622,-0.387691416197802
3.76253366731302,-0.395760376742605,-0.40495184407542,-0.399349457706925,-0.382979828445469
3.77482952897091,-0.391404121578641,-0.401192673559469,-0.394939813110456,-0.378079878065999
3.78712539062879,-0.386870440578742,-0.397265322888698,-0.390358735247369,-0.372987263600159
3.79942125228668,-0.382154360188444,-0.393163994144957,-0.385601132979393,-0.367697953440982
3.81171711394456,-0.377251118386731,-0.388883057360016,-0.380662093575606,-0.362208204224569
3.82401297560245,-0.372156184919108,-0.384417072670763,-0.375536903444677,-0.356514578641882
3.83630883726033,-0.366865281164403,-0.37976081226301,-0.370221068625204,-0.350613962604995
3.84860469891822,-0.361374399562343,-0.374909282025148,-0.36471033495897,-0.344503581702912
3.86090056057611,-0.355679822529838,-0.369857742833213,-0.359000707872386,-0.338181016883916
3.87319642223399,-0.349778140795077,-0.364601731389599,-0.35308847169213,-0.331644219303502
3.88549228389188,-0.343666271079959,-0.359137080538562,-0.346970208422001,-0.324891524279314
3.89778814554976,-0.33734147306306,-0.353459938982862,-0.340642815909288,-0.317921664297029
3.91008400720765,-0.330801365557288,-0.347566790327409,-0.334103525330521,-0.310733781013934
3.92237986886553,-0.324043941838558,-0.341454471377513,-0.327349917928256,-0.303327436209904
3.93467573052342,-0.317067584064247,-0.335120189621404,-0.320379940932669,-0.295702621638668
3.94697159218131,-0.309871076722867,-0.328561539828965,-0.313191922604021,-0.287859767735615
3.95926745383919,-0.302453619059262,-0.32177651970121,-0.305784586334646,-0.279799751141931
3.97156331549708,-0.294814836422766,-0.31476354450781,-0.298157063751933,-0.271523901008555
3.98385917715496,-0.286954790489042,-0.30752146065306,-0.290308906766792,-0.263034004047275
3.99615503881285,-0.278873988309856,-0.300049558113911,-0.282240098515349,-0.254332308300309
4.00845090047073,-0.270573390148697,-0.292347581697221,-0.273951063145088,-0.245421525603781
4.02074676212862,-0.262054416064032,-0.28441574106706,-0.265442674400286,-0.236304832724752
4.03304262378651,-0.253318951206004,-0.276254719496806,-0.256716262965441,-0.226985871155763
4.04533848544439,-0.244369349796481,-0.267865681304829,-0.247773622529374,-0.217468745555238
4.05763434710228,-0.235208437766741,-0.259250277936821,-0.238617014536846,-0.207758020826556
4.06993020876016,-0.225839514031368,-0.250410652662186,-0.229249171598824,-0.197858717833095
4.08222607041805,-0.216266350381509,-0.241349443856475,-0.219673299536948,-0.187776307751104
4.09452193207593,-0.206493189985164,-0.232069786846453,-0.20989307804226,-0.177516705066778
4.10681779373382,-0.196524744486836,-0.222575314299139,-0.199912659932879,-0.16708625922849
4.1191136553917,-0.186366189703572,-0.212870155141041,-0.189736669000012,-0.156491744969662
4.13140951704959,-0.176023159919098,-0.202958931998636,-0.179370196436407,-0.145740351322251
4.14370537870748,-0.165501740782547,-0.19284675715617,-0.168818795846187,-0.134839669345285
4.15600124036536,-0.154808460822941,-0.18253922703179,-0.158088476839763,-0.123797678597269
4.16829710202325,-0.143950281595371,-0.172042415178082,-0.147185697222428,-0.112622732385602
4.18059296368113,-0.132934586479442,-0.161362863818023,-0.136117353789962,-0.101323541830341
4.19288882533902,-0.121769168155205,-0.150507573932421,-0.124890771749425,-0.089909158783768
4.2051846869969,-0.11046221478633,-0.139483993919788,-0.113513692788033,-0.0783889576511684
4.21748054865479,-0.0990222949447806,-0.128300006854558,-0.101994261817688,-0.066772616162096
4.22977641031268,-0.0874583413155779,-0.116963916374321,-0.0903410124273563,-0.0550700951450566
4.24207227197056,-0.0757796332245079,-0.105484431231511,-0.0785628510799561,-0.0432916173620568
4.25436813362845,-0.0639957780357678,-0.093870648549611,-0.0666690400948687,-0.0314476454628238
4.26666399528633,-0.052116691470459,-0.0821320358284054,-0.054669179461377,-0.0195488591215948
4.27895985694422,-0.0401525769007161,-0.070278411747226,-0.0425731875325461,-0.00760613142237619
4.29125571860211,-0.0281139036778076,-0.0583199258192752,-0.0303912806529346,0.00436949543878718
4.30355158025999,-0.0160113845560669,-0.0462670369542119,-0.0181339517774017,0.016366835063413
4.31584744191788,-0.00385595227767137,-0.0341304909899656,-0.00581194814180081,0.0283745822987523
4.32814330357576,0.00834126461360984,-0.0219212972584655,0.00656375195016232,0.0403813391491327
4.34043916523365,0.0205689666588662,-0.00965070425332264,0.0189819631565278,0.0523756410733935
4.35273502689153,0.0328157089972181,0.00266982552920626,0.0314313178727029,0.064345983589745
4.36503088854942,0.0450699274299851,0.0150286415017425,0.0439002916800115,0.0762808491082014
4.37732675020731,0.0573199649580155,0.0274139315727916,0.05637722939154,0.0881687339097148
4.38962261186519,0.0695540987125639,0.0398137493297915,0.0688503716174445,0.0999981751904558
4.40191847352308,0.0817605671985877,0.0522160417365739,0.0813078817699222,0.111757778089267
4.41421433518096,0.0939275977680197,0.0646086772616389,0.0937378734263073,0.123436242616113
4.42651019683885,0.106043434239682,0.0769794743520863,0.106128437967405,0.135022390399555
4.43880605849673,0.118096364581722,0.0893162301666092,0.11846767240696,0.146505191171598
4.45110192015462,0.130074748572128,0.101606749479989,0.130743707327378,0.157873788909017
4.46339778181251,0.141967045352675,0.113838873670683,0.142944734836192,0.169117527551149
4.47569364347039,0.153761840791917,0.126000509702744,0.155059036457558,0.180225976215448
4.48798950512828,0.165447874573217,0.138079659013066,0.167075010873055,0.191188953833528
4.50028536678616,0.177014066924588,0.15006444621516,0.178981201426389,0.201996553132214
4.51258122844405,0.188449544908159,0.161943147531108,0.190766323307224,0.212639163886146
4.52487709010193,0.199743668188362,0.173704218864094,0.202419290330273,0.223107495370719
4.53717295175982,0.21088605419955,0.185336323424983,0.213929241226967,0.233392597946701
4.5494688134177,0.221866602635603,0.19682835882776,0.225285565368494,0.243485883710556
4.56176467507559,0.232675519186216,0.208169483570307,0.236477927840786,0.253379146147555
4.57406053673348,0.243303338446929,0.219349142818913,0.247496293794028,0.263064578727846
4.58635639839136,0.253740945932631,0.230357093417146,0.258330951991593,0.272534792389153
4.59865226004925,0.263979599127096,0.241183428042174,0.268972537485854,0.28178283185326
4.61094812170713,0.274010947504262,0.251818598434401,0.279412053351118,0.290802190727269
4.62324398336502,0.283827051460267,0.262253437629269,0.289640891407004,0.299586825344528
4.6355398450229,0.293420400098783,0.272479181123322,0.299650851868832,0.308131167304196
4.64783570668079,0.302783927815968,0.282487486910118,0.309434161865115,0.316430134672671
4.66013156833868,0.311911029635187,0.292270454325258,0.318983492765898,0.324479141814403
4.67242742999656,0.320795575245837,0.301820641643715,0.328291976269656,0.33227410782414
4.68472329165445,0.329431921704767,0.311131082376733,0.337353219200443,0.339811463537126
4.69701915331233,0.337814924763212,0.320195300219857,0.346161316971297,0.347088157098484
4.70931501497022,0.34593994878663,0.329007322608056,0.35471086567422,0.354101658077612
4.7216108766281,0.353802875239483,0.337561692838544,0.362996972761649,0.360849960118256
4.73390673828599,0.361400109711673,0.345853480726553,0.371015266288872,0.367331582119594
4.74620259994388,0.368728587468127,0.353878291764196,0.378761902691669,0.373545567948514
4.75849846160176,0.375785777507891,0.361632274757463,0.386233573078217,0.379491484687992
4.77079432325965,0.382569685123948,0.369112127921387,0.393427508019211,0.385169419431244
4.78309018491753,0.389078852959894,0.376315103418542,0.400341480825091,0.390579974636048
4.79538604657542,0.395312360564506,0.383239010331053,0.406973809304213,0.395724262058252
4.8076819082333,0.401269822450166,0.389882216061564,0.413323356000818,0.400603895288115
4.81997776989119,0.406951384665949,0.396243646163632,0.419389526916614,0.4052209809176
4.83227363154908,0.412357719901046,0.402322782607269,0.425172268724742,0.409578108371128
4.84456949320696,0.417490021138935,0.408119660490363,0.430672064489838,0.413678338436605
4.85686535486485,0.422349993887432,0.413634863211862,0.435889927912769,0.417525190537666
4.86916121652273,0.426939847014334,0.418869516127543,0.44082739612339,0.42112262879207
4.88145707818062,0.431262282222866,0.423825278714145,0.445486521049413,0.424475046905039
4.8937529398385,0.435320482205494,0.428504335272443,0.449869859394054,0.427587251949986
4.90604880149639,0.439118097518902,0.432909384204566,0.453980461259607,0.430464447092533
4.91834466315427,0.44265923222697,0.43704362590542,0.457821857458433,0.433112213317057
4.93064052481216,0.445948428362516,0.440910749312502,0.461398045557054,0.435536490217992
4.94293638647005,0.448990649262243,0.444514917162673,0.464713474703031,0.437743555921024
4.95523224812793,0.451791261832864,0.447860750008513,0.467773029288168,0.439740006201912
4.96752810978582,0.454356017809682,0.450953309050799,0.470582011505223,0.441532732873025
4.9798239714437,0.456691034071963,0.453798077847303,0.473146122858734,0.443128901509854
4.99211983310159,0.458802772082331,0.456400942961618,0.475471444693772,0.444535928591602
5.00441569475948,0.460698016519986,0.458768173618902,0.477564417809464,0.445761458131593
5.01671155641736,0.462383853179951,0.460906400438475,0.479431821226808,0.44681333787457
5.02900741807525,0.463867646212608,0.462822593315914,0.481080750182851,0.447699595139059
5.04130327973313,0.465157014779685,0.464524038529795,0.482518593425509,0.448428412383752
5.05359914139102,0.466259809204383,0.46601831515043,0.483753009885288,0.449008102577431
5.0658950030489,0.467184086694639,0.467313270829905,0.484791904801851,0.44944708445216
5.07819086470679,0.467938086719562,0.468416997054352,0.485643405384814,0.449753857719519
5.09048672636467,0.468530206119783,0.46933780394079,0.486315836089286,0.449936978329272
5.10278258802256,0.468968974032933,0.47008419466192,0.486817693587508,0.450005033849372
5.11507844968045,0.469263026715623,0.470664839583056,0.487157621518521,0.449966619045291
5.12737431133833,0.469421082343178,0.471088550195847,0.48734438509809,0.449830311735598
5.13967017299622,0.469451915868,0.47136425293366,0.487386845671043,0.449604648999297
5.1519660346541,0.469364334016703,0.471500962953326,0.487293935287946,0.449298103808836
5.16426189631199,0.469167150505267,0.471507757967633,0.487074631387399,0.448919062160768
5.17655775796987,0.468869161550163,0.471393752212146,0.48673793166439,0.448475800773955
5.18885361962776,0.468479121751943,0.47116807062904,0.48629282920398,0.447976465422808
5.20114948128565,0.468005720425982,0.470839823349287,0.485748287958176,0.447429049970483
5.21344534294353,0.46745755845309,0.470418080553001,0.485113218642144,0.446841376164124
5.22574120460142,0.466843125720378,0.469911847785941,0.48439645512396,0.446221074251233
5.2380370662593,0.466170779220315,0.46933004180802,0.483606731379886,0.445575564473039
5.25033292791719,0.46544872187313,0.468681467047353,0.4827526590847,0.444912039487336
5.26262878957507,0.464684982134789,0.467974792730761,0.481842705903922,0.444237447769684
5.27492465123296,0.463887394449604,0.467218530758791,0.480885174551846,0.443558478038173
5.28722051289085,0.463063580603159,0.466421014390255,0.47988818267618,0.442881544743041
5.29951637454873,0.462220932027739,0.465590377797989,0.478859643626737,0.44221277465849
5.31181223620662,0.461366593108691,0.464734536554063,0.477807248162126,0.441557994609884
5.3241080978645,0.460507445536331,0.463861169098965,0.476738447144667,0.440922720365361
5.33640395952239,0.459650093743972,0.462977699245453,0.475660435269921,0.440312146716541
5.34869982118027,0.45880085146855,0.462091279763731,0.474580135873211,0.43973113876871
5.36099568283816,0.457965729466071,0.461208777090451,0.473504186851359,0.439184224456402
5.37329154449605,0.457150424409774,0.460336757199767,0.472438927733655,0.438675588295901
5.38558740615393,0.456360308994515,0.459481472670211,0.471390387931664,0.438209066381671
5.39788326781182,0.455600423266377,0.458648850976732,0.470364276193093,0.437788142629305
5.4101791294697,0.454875467192031,0.457844484032576,0.469365971280411,0.437415946263105
5.42247499112759,0.454189794477816,0.457073619001104,0.468400513890376,0.437095250541968
5.43477085278547,0.453547407643947,0.45634115039291,0.467472599826017,0.436828472712915
5.44706671444336,0.452951954354728,0.455651613458887,0.466586574428052,0.436617675177244
5.45936257610125,0.452406725001114,0.455009178885177,0.465746428268093,0.436464567850072
5.47165843775913,0.451914651527497,0.454417648791193,0.464955794101417,0.436370511689881
5.48395429941702,0.451478307490123,0.453880454027194,0.464217945072546,0.436336523370629
5.4962501610749,0.451099909330241,0.453400652763262,0.463535794162365,0.436363281065096
5.50854602273279,0.450781318840763,0.45298093035689,0.462911894861088,0.43645113130431
5.52084188439067,0.45052404680109,0.452623600481888,0.462348443047052,0.436600096874329
5.53313774604856,0.450329257750672,0.452330607496865,0.461847280047051,0.4368098857081
5.54543360770645,0.450197775867978,0.452103530027222,0.461409896849817,0.437079900726896
5.55772946936433,0.450130091917767,0.451943585730376,0.461037439440247,0.437409250582677
5.57002533102222,0.450126371225933,0.451851637209865,0.460730715218133,0.437796761249799
5.5823211926801,0.450186462637793,0.451828199040101,0.460490200461447,0.438240988411831
5.59461705433799,0.450309908412379,0.451873445859731,0.460316048790728,0.438740230586679
5.60691291599587,0.45049595500228,0.451987221488057,0.460208100587769,0.439292542931015
5.61920877765376,0.45074356466572,0.452169049015554,0.46016589331868,0.439895751662927
5.63150463931164,0.451051427854911,0.452418141816376,0.460188672708446,0.44054746903991
5.64380050096953,0.451417976322324,0.452733415427761,0.460275404711421,0.44124510882779
5.65609636262742,0.451841396884352,0.453113500238547,0.460424788219674,0.441985902194835
5.6683922242853,0.452319645779886,0.453556754926497,0.460635268448886,0.442766913964275
5.68068808594319,0.452850463559675,0.454061280581893,0.460905050939475,0.443585059157656
5.69298394760107,0.453431390440868,0.454624935452844,0.461232116108862,0.444437119760897
5.70527980925896,0.454059782060008,0.455245350246047,0.461614234289312,0.445319761644664
5.71757567091684,0.454732825556789,0.45591994391521,0.462048981184512,0.446229551570645
5.72987153257473,0.455447555920288,0.4566459398682,0.462533753677115,0.447162974215549
5.74216739423262,0.456200872528946,0.45742038252298,0.463065785918718,0.448116449145141
5.7544632558905,0.456989555815511,0.458240154141789,0.463642165633344,0.449086347671399
5.76675911754839,0.45781028398825,0.459101991872574,0.46425985056531,0.450069009526865
5.77905497920627,0.458659649740192,0.460002504926631,0.46491568500245,0.451060759291494
5.79135084086416,0.459534176878795,0.460938191821522,0.465606416306044,0.452057922508819
5.80364670252204,0.460430336809399,0.461905457618787,0.466328711379441,0.45305684142997
5.81594256417993,0.46134456480697,0.462900631086698,0.467079173008217,0.454053890325994
5.82823842583782,0.462273276012094,0.463919981719235,0.467854356005905,0.455045490311143
5.8405342874957,0.463212881088852,0.464959736543709,0.468650783100716,0.456028123622132
5.85283014915359,0.464159801484084,0.466016096650988,0.469464960500308,0.456998347300957
5.86512601081147,0.465110484229711,0.467085253383941,0.470293393073558,0.457952806231634
5.87742187246936,0.466061416232114,0.468163404121775,0.471132599090419,0.458888245484147
5.88971773412724,0.467009137995125,0.469246767600104,0.471979124463254,0.459801521922017
5.90201359578513,0.467950256725942,0.470331598709055,0.472829556435615,0.460689615033155
5.91430945744302,0.468881458776196,0.471414202714338,0.473680536667179,0.461549636947071
5.9266053191009,0.469799521373543,0.472490948849096,0.47452877366648,0.462378841605054
5.93890118075879,0.47070132360238,0.473558283227374,0.475371054526224,0.463174633053543
5.95119704241667,0.471583856595737,0.474612741033265,0.476204255919223,0.463934572834724
5.96349290407456,0.472444232903931,0.475650957943202,0.477025354316447,0.464656386452142
5.97578876573244,0.473279695009237,0.476669680742381,0.477831435392259,0.465337968893072
5.98808462739033,0.474087622959632,0.477665777099987,0.478619702585583,0.465977389193327
6.00038048904822,0.474865541098485,0.478636244471698,0.479387484789578,0.466572894034179
6.0126763507061,0.47561112387107,0.47957821810184,0.480132243146284,0.467122910365085
6.02497221236399,0.476322200692729,0.480488978101568,0.480851576926672,0.467626047049947
6.03726807402187,0.476996759867589,0.481365955583525,0.481543228480589,0.468081095538653
6.04956393567976,0.477632951550783,0.482206737837544,0.482205087245162,0.468487029569642
6.06185979733764,0.478229089751241,0.483009072536174,0.482835192804345,0.468843003913203
6.07415565899553,0.47878365337617,0.483770870962969,0.483431736996411,0.46914835216913
6.08645152065342,0.479295286322414,0.484490210260711,0.483993065070343,0.46940258363619
6.0987473823113,0.479762796623914,0.485165334700959,0.484517675896157,0.469605379274626
6.11104324396919,0.480185154668451,0.485794655980474,0.485004221238285,0.469756586786593
6.12333910562707,0.480561490500771,0.486376752554213,0.485451504105153,0.469856214842947
6.13563496728496,0.480891090233018,0.48691036801871,0.48585847619206,0.469904426488284
6.14793082894284,0.481173391587103,0.487394408563622,0.486224234438313,0.469901531759373
6.16022669060073,0.481407978597298,0.487827939513199,0.486548016723388,0.469847979555306
6.17252255225862,0.481594575504798,0.48821018098323,0.486829196730501,0.469744348800663
6.1848184139165,0.481733039879363,0.488540502682737,0.487067278009561,0.469591338945791
6.19711427557439,0.481823355006352,0.488818417893277,0.487261887274837,0.469389759850943
6.20941013723227,0.481865621580503,0.489043576662119,0.487412766975937,0.469140521103453
6.22170599889016,0.481860048750666,0.489215758248869,0.487519767183766,0.468844620819363
6.23400186054804,0.481806944562386,0.489334862868187,0.487582836836034,0.468503133982937
6.24629772220593,0.481706705847698,0.489400902774171,0.487602014389601,0.46811720037932
6.25859358386381,0.481559807613786,0.48941399273473,0.487577417929445,0.467688012177184
6.2708894455217,0.481366791984211,0.489374339946723,0.487509234786363,0.467216801219547
6.28318530717959,0.48112825674824,0.48928223344504,0.487397710717578,0.466704826082102
