CompRank,CompIndex,LambdaVal,DeltaRad,DeltaDeg,ComponentEnergyFraction,DropOneMetric,RecvLocalization,RecvEffectiveAgents,SendLocalization,SendEffectiveAgents,MaxDirectionShare,EffectiveDirections,DominantInteractionIndex,DominantPairName,DominantSourceID,DominantTargetID
1,1,0.174146590884523,0.489106009865164,28.0237100997579,0.614512082143047,0.614512082143046,0.301208822070051,5.15055369186596,0.277345210749016,5.14217740394052,0.090731169797681,21.8230310067483,8,7-10,7,10
2,1,0.0949574116903438,0.629950452704875,36.0935022423449,0.194806174625903,0.194806174625903,0.566550745509296,2.17126089578291,0.316054520416152,4.8562671980021,0.217258663228366,8.04620296593244,7,7-10,10,7
2,2,0.136542536791508,0.425928089355347,24.4038818961324,0.381042832121905,0.381042832121904,0.446798358778965,3.09615597502157,0.281285596200722,4.96843368543519,0.161191621514484,12.4685249824183,8,7-10,7,10
3,1,0.105501455521641,0.627091956751303,35.92972248845,0.149158176726323,0.149158176726323,0.809795065928354,1.481129840605,0.373702277842944,4.22294479897645,0.296589521255039,6.05998098635279,14,7-8,7,8
3,2,0.0921659896518185,0.637988910695858,36.5540719590214,0.181134413844269,0.181134413844269,0.600071068515908,2.05450672276409,0.30255623946463,5.0596728156808,0.223187813029271,7.89394260027442,7,7-10,10,7
3,3,0.15425570296654,0.425850798010691,24.3994534282907,0.450315778396941,0.450315778396941,0.661807735949255,1.88902776564193,0.323169306326915,4.71763935479809,0.187339132176075,8.23955313920469,8,7-10,7,10
4,1,0.0941288137827524,0.61382242529445,35.1694343398563,0.155053696869196,0.155053696869196,0.689598568890043,1.98872815690439,0.289856178988039,4.82601284947049,0.299407878179054,7.07576457544736,14,7-8,7,8
4,2,0.152958186427913,0.601183108970462,34.445254858561,0.509791844485389,0.509791844485386,0.618086848733976,2.16532415737681,0.282585505939822,5.11666379252766,0.210122818097544,8.51584798141941,7,7-10,10,7
4,3,0.148682095636104,0.578080041582091,33.121546603401,0.337535086014165,0.337535086014164,0.764567104362138,1.64441990212252,0.494776515560379,3.12707888868237,0.291812770904233,6.71780479514468,2,10-11,10,11
4,4,0.0501018632185859,3.13007355022484,179.340003993413,0.0629613059491639,0.0629613059491629,0.92285768907533,1.16995556639099,0.330504248993063,4.56644385529343,0.318762387980728,4.9168181258246,8,7-10,7,10
5,1,0.0940448203666507,0.587824738151441,33.6798765894603,0.156446989236079,0.156446989236078,0.710688112469303,1.88285176331716,0.311575877005991,4.7229700130727,0.328145681467165,6.33151446477341,14,7-8,7,8
5,2,0.190202954011523,0.620600506271348,35.5577897730304,0.815648518060766,0.815648518060763,0.696170409697594,1.84422677840883,0.291115940772006,4.67327058392135,0.235632002309993,6.8204267241335,9,7-11,11,7
5,3,0.160880553342788,0.562244359550397,32.2142288572737,0.466801362415459,0.466801362415457,0.500637560855285,2.56203182997489,0.501000558559404,3.05275883270566,0.263979920505926,7.50482138660281,9,7-11,11,7
5,4,0.0488533070746839,0.00487419866336005,0.279271011918838,0.0608770297008374,0.0608770297008372,0.913111032939747,1.19314756638065,0.348780853533181,4.30317841926205,0.327289423872316,4.86739630320651,8,7-10,7,10
5,5,0.0467099439285767,2.94923775392035,168.978876080279,0.021914473970247,0.0219144739702471,0.858510938497516,1.33371444191006,0.685056459872164,1.87168465755633,0.562487272046554,2.72308426363914,9,7-11,11,7
6,1,0.112395981921557,0.574254523740021,32.9023605765983,0.195624154115076,0.195624154115076,0.776944189420392,1.60965977913223,0.289142138896414,4.77515383131283,0.328607251445512,5.98908120028817,14,7-8,7,8
6,2,0.122684273194774,0.654801675441844,37.5173724209128,0.331227295385584,0.331227295385583,0.571196069450746,2.17134541286711,0.311397414130273,4.78159960871237,0.211871794818732,7.99368673254326,7,7-10,10,7
6,3,0.137731277892852,0.609064370068555,34.8968178567223,0.229501355628646,0.229501355628645,0.830097063005101,1.42256463711693,0.619218901308371,2.29653752870028,0.369559847535905,5.13689569647022,2,10-11,10,11
6,4,0.0525445282586837,5.03793312184113e-05,0.00288652305350664,0.0683703802203095,0.0683703802203092,0.768973506064485,1.65395868581011,0.466629393649721,3.44899709302758,0.379832158775913,5.10399243397133,8,7-10,7,10
6,5,0.487905366789115,2.92095909673052,167.358628373004,3.20892720942572,3.20892720942571,0.797860317836316,1.50686450183733,0.523159252380173,2.23114494619399,0.644835664343016,2.2284603780931,9,7-11,11,7
6,6,0.473696287478454,2.97158053646345,170.259023222577,3.273089115629,3.273089115629,0.79932584991835,1.50729580330943,0.465070606339395,2.32539439133173,0.65989807671988,2.17820924432176,9,7-11,11,7
7,1,0.904160836041418,3.01743403963787,172.886235430361,0.979297356230025,0.979297356230026,0.986958528695949,1.02645058256577,0.966604512631901,1.06954687088726,0.540359078889911,2.71683791153474,9,7-11,11,7
7,2,0.117496282729376,0.683923115242249,39.1859080148203,0.303518454218229,0.303518454218229,0.688820599703292,1.78656243110288,0.325292733842437,4.57337570698642,0.267155982637084,6.3669495084382,7,7-10,10,7
7,3,0.0935786608180765,0.687240356011374,39.3759719105199,0.147334201033379,0.147334201033378,0.736528399738702,1.75946049692631,0.293225120740313,4.74355534494318,0.305727158959711,6.45667810898735,14,7-8,7,8
7,4,0.0910350258311674,0.759460175188674,43.5138627465772,0.133878662981235,0.133878662981234,0.663556039466721,2.05588195364683,0.477410215636187,2.97942623768655,0.316762797138134,6.3628514269195,2,10-11,10,11
7,5,0.0476879089035614,1.2584102318478,72.1015951809582,0.0408900120907536,0.0408900120907534,0.394655044547509,3.16252111605741,0.274467261693811,5.06286622620637,0.157916965613942,12.0827751059023,27,9-12,12,9
7,6,0.556083575450683,3.14156862467228,179.99862324444,1.14936777203066,1.14936777203066,0.970862953844366,1.06019828536401,0.881706624947592,1.27388397776284,0.579326271597832,2.62479176799333,9,7-11,11,7
7,7,0.070533292379092,2.99989898807334,171.881550982169,0.106055755784778,0.106055755784778,0.610001237546246,2.45478095991961,0.28213545568707,5.27307948064749,0.211623413772628,10.3319074201368,8,7-10,7,10
8,1,0.176367252753255,0.465493315654493,26.6708023785535,0.431168917582106,0.431168917582105,0.941131517583892,1.12582245396436,0.479574674530429,2.1893583969128,0.853525058578852,1.36259165695001,9,7-11,11,7
8,2,0.108767279875329,0.71746018333349,41.1074404736913,0.268303132427975,0.268303132427975,0.669158458353845,1.82957037176972,0.338094782819415,4.11067139762644,0.261492655980605,5.96088345610116,7,7-10,10,7
8,3,0.442293513281894,0.879588389901534,50.3967024500654,4.44679756431646,4.44679756431646,0.461269404096363,3.00917238770756,0.262628512359775,4.97583256022118,0.139698443265742,12.0068293163823,18,8-10,8,10
8,4,0.234365593809959,1.04742796394808,60.0132016782059,1.20897035845204,1.20897035845204,0.442970450755846,3.30577054308243,0.280382162009428,4.72171011774801,0.147917125111767,12.0061770731021,18,8-10,8,10
8,5,0.0996709696809678,2.92053155305651,167.334131924926,0.137956922892146,0.137956922892146,0.806841374020604,1.46229046177653,0.499526181282402,2.1221037142535,0.760784309135407,1.65151171837132,9,7-11,11,7
8,6,0.27270602032369,0.236959030101194,13.5767523423119,0.892993488622291,0.892993488622292,0.995338839440385,1.00937973355135,0.544356500795346,2.16109291959888,0.883526124340789,1.27279234109623,9,7-11,11,7
8,7,0.0888126859139217,0.0783662631663632,4.49005613564413,0.15827925081243,0.158279250812428,0.711819265678256,1.85482913401008,0.314701906354663,4.69630754815313,0.292628349548136,7.17095796452869,8,7-10,7,10
8,8,0.29595217912802,0.722937505126065,41.4212678954408,1.89812642573777,1.89812642573777,0.457381467138836,2.38737457311196,0.2481782920232,5.36667337384463,0.137303486863021,10.7621312540609,2,10-11,10,11
9,1,0.15849150886083,2.35938806323375,135.182978256839,0.0323245765751251,0.0323245765751251,0.991380595971146,1.0174007578808,0.958854042323098,1.08567956393333,0.827990750303657,1.41047092807103,10,7-11,7,11
9,2,0.0731597624645719,1.57023676339449,89.9679393787867,0.0319311713776798,0.0319311713776798,0.804366671391728,1.46758980909693,0.953947854944991,1.09774810889594,0.776311464523128,1.62348545737127,10,7-11,7,11
9,3,0.0821700967175008,0.000269149841266216,0.0154211499611702,0.145495600371098,0.145495600371098,0.655639512271641,2.18065916775472,0.262085752937752,5.41162674684105,0.209029475218646,9.3175130984271,8,7-10,7,10
9,4,0.0777884076759311,0.538706342800332,30.8655998393868,0.125989360621186,0.125989360621185,0.548075742204893,2.72084055866708,0.437562299150443,3.74616118440473,0.301923995889498,7.28533238136157,8,7-10,7,10
9,5,0.0365560770292768,2.22253670291441,127.341972889917,0.0249669822442197,0.0249669822442195,0.295946249407054,4.49967745939205,0.376870122067741,4.2663305229951,0.137878432416739,16.7737378088598,27,9-12,12,9
9,6,0.917440869744088,0.630097626826525,36.101934698369,0.139865228360493,0.139865228360493,0.998672917231644,1.00265846269739,0.994977826498706,1.01010877011026,0.510363523123717,3.22275877954699,2,10-11,10,11
9,7,0.158851773557075,0.629349263740694,36.0590566520075,0.538982970645843,0.53898297064584,0.886404466175173,1.26162587192616,0.31506422108845,4.06229793897224,0.342737305582223,4.00111880394794,7,7-10,10,7
9,8,0.954606767138983,0.902123788870513,51.6878857006314,0.0503357707860779,0.0503357707860775,0.921494937319613,1.16922272673399,0.562751097725054,1.97511957771025,0.330740926679228,5.22113637355922,21,8-9,9,8
9,9,0.0973907875878916,0.455058824578745,26.0729500785462,0.230824474583212,0.230824474583211,0.924473148971258,1.16797834780044,0.66427884714099,2.03558621297805,0.661484829176803,2.06892333043447,9,7-11,11,7
10,1,0.111622633500035,0.830919088515173,47.6081568887767,0.232681548886023,0.232681548886022,0.573443652777993,2.54354506645401,0.340727571828391,3.87497877667495,0.274259622873752,8.1694330888321,2,10-11,10,11
10,2,0.0694193231110835,0.877246261667446,50.2625083871737,0.0825335699744148,0.0825335699744142,0.872465788364145,1.30400298082777,0.424625667780689,2.992381843913,0.567029991884993,2.77203632939916,21,8-9,9,8
10,3,0.0385021263798418,1.99735151273549,114.439811883814,0.0281038538595957,0.0281038538595957,0.340292935371715,4.25372998269791,0.347011669435064,4.38668062949942,0.0925555447794412,17.8096340002953,4,10-12,10,12
10,4,0.355305460794215,0.000206856067409095,0.0118519796292148,0.885884040130557,0.885884040130553,0.913849226341945,1.18737929417601,0.782306965497137,1.52719761312292,0.705672811468531,1.7888215259256,9,7-11,11,7
10,5,0.112444246100674,0.248158747392323,14.2184488748333,0.243491090415342,0.243491090415341,0.841361613565536,1.38582753073391,0.310949344330904,4.50035970452001,0.356110682520084,5.27047876117693,8,7-10,7,10
10,6,0.12462731996794,2.33585762183652,133.834783274698,0.180368336801178,0.180368336801178,0.570040693062423,2.01121462453682,0.955662527169303,1.09375910283205,0.895125029519861,1.24472454046957,10,7-11,7,11
10,7,0.13267151601695,0.660942139039196,37.8691950692948,0.38947641884023,0.389476418840229,0.723788801553449,1.80071824384746,0.327086655146384,4.17650204091507,0.280459505291381,5.79432053647017,7,7-10,10,7
10,8,0.394476129729864,0.512828955694574,29.3829347734006,3.03624391447549,3.03624391447549,0.717997486036553,1.6826811436331,0.88715792774602,1.26268438549401,0.855755943999693,1.3559111868628,9,7-11,11,7
10,9,0.223110663106158,0.831274462396819,47.6285183123442,0.855041997965863,0.855041997965862,0.834097249105124,1.38721488277145,0.671211773994943,1.87647826102379,0.854379314416189,1.35830709284173,9,7-11,11,7
10,10,0.072566873735996,0.644058181957768,36.9018155870489,0.111978395381579,0.111978395381579,0.746429588041148,1.66464912339883,0.35400182106212,4.125304649407,0.325730325125188,4.8941476247314,22,8-9,8,9
