phi,a_phi
0,-0.0187679406738595
0.0122958616578857,-0.0195011760888644
0.0245917233157714,-0.0198673778120173
0.0368875849736571,-0.0198478274705561
0.0491834466315427,-0.0194285409178617
0.0614793082894284,-0.0186003508708889
0.0737751699473141,-0.0173589154128533
0.0860710316051998,-0.0157046533699457
0.0983668932630855,-0.0136426086229834
0.110662754920971,-0.0111822464194169
0.122958616578857,-0.0083371856935387
0.135254478236743,-0.00512487226982626
0.147550339894628,-0.0015661986040323
0.159846201552514,0.00231492360150073
0.1721420632104,0.00649203099673359
0.184437924868285,0.0109366090241735
0.196733786526171,0.0156186174854402
0.209029648184057,0.0205070332993797
0.221325509841942,0.0255704024210438
0.233621371499828,0.0307773929182174
0.245917233157714,0.0360973413503437
0.258213094815599,0.0415007848593173
0.270508956473485,0.046959971756559
0.282804818131371,0.0524493438682764
0.295100679789256,0.0579459844715199
0.307396541447142,0.0634300263068823
0.319692403105028,0.0688850148776106
0.331988264762914,0.0742982230266301
0.344284126420799,0.0796609136089324
0.356579988078685,0.0849685479327749
0.368875849736571,0.0902209385147327
0.381171711394456,0.0954223455662768
0.393467573052342,0.10058151748888
0.405763434710228,0.105711676486672
0.418059296368113,0.110830451197052
0.430355158025999,0.115959758977876
0.442651019683885,0.121125641163432
0.45494688134177,0.126358055200075
0.467242742999656,0.131690628087323
0.479538604657542,0.137160375973946
0.491834466315427,0.142807395085486
0.504130327973313,0.148674529385666
0.516426189631199,0.154807020496991
0.528722051289085,0.161252145425265
0.54101791294697,0.168058847549844
0.553313774604856,0.175277366159682
0.565609636262742,0.182958869539191
0.577905497920627,0.191155096244307
0.590201359578513,0.199918008765872
0.602497221236399,0.209299463263869
0.614793082894284,0.219350898482829
0.62708894455217,0.230123046337462
0.639384806210056,0.241665666000679
0.651680667867941,0.254027302646838
0.663976529525827,0.267255071314581
0.676272391183713,0.281394465669831
0.688568252841599,0.296489190783802
0.700864114499484,0.312581018406618
0.71315997615737,0.329709662626938
0.725455837815256,0.347912673273931
0.737751699473141,0.367225343950966
0.750047561131027,0.387680631200272
0.762343422788913,0.409309080993235
0.774639284446798,0.432138758528747
0.786935146104684,0.456195177207645
0.79923100776257,0.481501222638326
0.811526869420455,0.508077067618969
0.823822731078341,0.535940074235454
0.836118592736227,0.565104679509062
0.848414454394112,0.595582261420664
0.860710316051998,0.627380982622804
0.873006177709884,0.660505609720403
0.88530203936777,0.694957306645922
0.897597901025655,0.730733401365098
0.909893762683541,0.767827125913027
0.922189624341426,0.806227330564348
0.934485485999312,0.845918173771539
0.946781347657198,0.886878790347111
0.959077209315084,0.929082941203528
0.971373070972969,0.972498648783239
0.983668932630855,1.01708782309486
0.995964794288741,1.06280588400481
1.00826065594663,1.1096013861015
1.02055651760451,1.15741565303797
1.0328523792624,1.20618242875415
1.04514824092028,1.25582755337165
1.05744410257817,1.30626867182948
1.06973996423605,1.35741498348105
1.08203582589394,1.40916704089306
1.09433168755183,1.46141660597089
1.10662754920971,1.51404657127907
1.1189234108676,1.56693095402854
1.13121927252548,1.61993496966648
1.14351513418337,1.67291519133144
1.15581099584125,1.72571980063363
1.16810685749914,1.7781889342939
1.18040271915703,1.83015513013586
1.19269858081491,1.88144387478517
1.2049944424728,1.93187425420211
1.21729030413068,1.98125970687325
1.22958616578857,2.02940887813233
1.24188202744645,2.07612657268737
1.25417788910434,2.1212148010192
1.26647375076223,2.16447391390645
1.27876961242011,2.20570381794259
1.291065474078,2.24470526356396
1.30336133573588,2.28128119582181
1.31565719739377,2.31523815692819
1.32795305905165,2.34638772850237
1.34024892070954,2.37454800046038
1.35254478236743,2.39954505264149
1.36484064402531,2.42121443456724
1.3771365056832,2.43940262819452
1.38943236734108,2.45396847816514
1.40172822899897,2.46478457388005
1.41402409065685,2.4717385677428
1.42631995231474,2.47473441412922
1.43861581397263,2.4736935140493
1.45091167563051,2.46855575107284
1.4632075372884,2.45928040488795
1.47550339894628,2.44584692984537
1.48779926060417,2.42825558700239
1.50009512226205,2.40652791950674
1.51239098391994,2.38070706263861
1.52468684557783,2.35085788144292
1.53698270723571,2.31706693061471
1.5492785688936,2.27944223312908
1.56157443055148,2.2381128760109
1.57387029220937,2.19322842359699
1.58616615386725,2.1449581506292
1.59846201552514,2.09349009950788
1.61075787718303,2.03902996800535
1.62305373884091,1.98179983566449
1.6353496004988,1.92203673896284
1.64764546215668,1.85999110708447
1.65994132381457,1.7959250717871
1.67223718547245,1.73011066635889
1.68453304713034,1.66282793000791
1.69682890878822,1.59436293519953
1.70912477044611,1.52500575643678
1.721420632104,1.45504839975202
1.73371649376188,1.38478271273473
1.74601235541977,1.31449829525073
1.75830821707765,1.24448043110768
1.77060407873554,1.17500806078694
1.78289994039342,1.10635181499456
1.79519580205131,1.03877212818589
1.8074916637092,0.972517450396968
1.81978752536708,0.907822574679848
1.83208338702497,0.844907096200574
1.84437924868285,0.783974017632358
1.85667511034074,0.725208513879603
1.86897097199862,0.668776867420177
1.88126683365651,0.614825583674887
1.8935626953144,0.563480693827668
1.90585855697228,0.51484725045158
1.91815441863017,0.469009019170153
1.93045028028805,0.426028367426695
1.94274614194594,0.385946349272725
1.95504200360382,0.348782982947208
1.96733786526171,0.314537715926935
1.9796337269196,0.28319007011104
1.99192958857748,0.254700457883643
2.00422545023537,0.229011158001488
2.01652131189325,0.206047438599648
2.02881717355114,0.185718813117859
2.04111303520902,0.167920413640194
2.05340889686691,0.152534465026967
2.0657047585248,0.139431842312337
2.07800062018268,0.128473693154189
2.09029648184057,0.119513106661087
2.10259234349845,0.112396809688814
2.11488820515634,0.106966871696933
2.12718406681422,0.103062399482147
2.13947992847211,0.100521203554937
2.15177579012999,0.0991814185912708
2.16407165178788,0.0988830612614805
2.17636751344577,0.0994695098005974
2.18866337510365,0.100788890922863
2.20095923676154,0.102695361080109
2.21325509841942,0.105050270599502
2.22555096007731,0.107723200889438
2.2378468217352,0.110592866650505
2.25014268339308,0.113547876847573
2.26243854505097,0.116487350064957
2.27473440670885,0.119321381754211
2.28703026836674,0.121971362768788
2.29932613002462,0.124370150436924
2.31162199168251,0.126462095229713
2.3239178533404,0.128202927812653
2.33621371499828,0.129559512904054
2.34850957665617,0.130509477882711
2.36080543831405,0.131040725471532
2.37310129997194,0.131150841057422
2.38539716162982,0.130846406276273
2.39769302328771,0.130142231384005
2.40998888494559,0.129060519641092
2.42228474660348,0.127629977452395
2.43458060826137,0.125884884322847
2.44687646991925,0.123864136811501
2.45917233157714,0.121610280593452
2.47146819323502,0.119168544475656
2.48376405489291,0.116585889765584
2.49605991655079,0.113910087770517
2.50835577820868,0.111188837421811
2.52065163986657,0.108468934086467
2.53294750152445,0.105795499563577
2.54524336318234,0.103211282083079
2.55753922484022,0.100756033847376
2.56983508649811,0.0984659723027011
2.58213094815599,0.0963733299172235
2.59442680981388,0.0945059957978506
2.60672267147177,0.0928872510188926
2.61901853312965,0.0915355980843633
2.63131439478754,0.0904646835224026
2.64361025644542,0.0896833112352877
2.65590611810331,0.0891955429206993
2.66820197976119,0.0890008806571618
2.68049784141908,0.0890945256252131
2.69279370307697,0.0894677059303967
2.70508956473485,0.0901080656173175
2.71738542639274,0.0910001062263847
2.72968128805062,0.0921256716548255
2.74197714970851,0.093464466647275
2.75427301136639,0.0949945989624649
2.76656887302428,0.0966931351425894
2.77886473468217,0.0985366598499267
2.79116059634005,0.100501828927794
2.80345645799794,0.102565906684468
2.81575231965582,0.104707278381517
2.82804818131371,0.106905929522392
2.84034404297159,0.109143884271585
2.85263990462948,0.111405596175958
2.86493576628737,0.113678285293424
2.87723162794525,0.1159522168442
2.88952748960314,0.118220917569646
2.90182335126102,0.120481327095781
2.91411921291891,0.12273388273525
2.92641507457679,0.124982537304667
2.93871093623468,0.127234710666208
2.95100679789256,0.129501176805619
2.96330265955045,0.131795889316564
2.97559852120834,0.134135749157837
2.98789438286622,0.136540319470404
3.00019024452411,0.139031493072375
3.01248610618199,0.141633118979793
3.02478196783988,0.144370594919573
3.03707782949776,0.147270433299507
3.04937369115565,0.15035980847274
3.06166955281354,0.153666093376044
3.07396541447142,0.157216393730181
3.08626127612931,0.161037087966571
3.09855713778719,0.165153380888897
3.11085299944508,0.169588878795245
3.12314886110296,0.174365193381385
3.13544472276085,0.179501581226535
3.14774058441874,0.185014625038547
3.16003644607662,0.190917962116743
3.17233230773451,0.197222064689548
3.18462816939239,0.203934075914124
3.19692403105028,0.21105770440024
3.20921989270816,0.218593179155855
3.22151575436605,0.226537265862458
3.23381161602394,0.234883344389779
3.24610747768182,0.243621546467682
3.25840333933971,0.252738951463238
3.27069920099759,0.262219837277814
3.28299506265548,0.272045982497048
3.29529092431336,0.28219701510864
3.30758678597125,0.292650802361444
3.31988264762914,0.303383875685083
3.33217850928702,0.314371884031702
3.34447437094491,0.325590068548396
3.35677023260279,0.337013751146432
3.36906609426068,0.348618829306152
3.38136195591856,0.360382269346813
3.39365781757645,0.372282590399713
3.40595367923434,0.384300331449383
3.41824954089222,0.396418494048837
3.43054540255011,0.408622953666224
3.44284126420799,0.420902833075492
3.45513712586588,0.433250831755241
3.46743298752376,0.445663505898596
3.47972884918165,0.458141494352389
3.49202471083954,0.470689686584746
3.50432057249742,0.48331732961402
3.51661643415531,0.496038071705946
3.52891229581319,0.508869941546371
3.54120815747108,0.521835262510361
3.55350401912896,0.534960502560882
3.56579988078685,0.548276061208312
3.57809574244473,0.561815995832212
3.59039160410262,0.57561769049664
3.60268746576051,0.58972147116786
3.61498332741839,0.604170171957609
3.62727918907628,0.619008657656364
3.63957505073416,0.634283308380688
3.65187091239205,0.650041472629389
3.66416677404994,0.666330895419395
3.67646263570782,0.68319912844933
3.68875849736571,0.700692929414489
3.70105435902359,0.718857657669933
3.71335022068148,0.737736673409441
3.72564608233936,0.757370747399228
3.73794194399725,0.777797488080189
3.75023780565513,0.799050792536187
3.76253366731302,0.821160327424916
3.77482952897091,0.844151045489886
3.78712539062879,0.868042742725707
3.79942125228668,0.892849660663962
3.81171711394456,0.918580137593825
3.82401297560245,0.945236311841317
3.83630883726033,0.972813879515121
3.84860469891822,1.00130190839676
3.86090056057611,1.03068270892047
3.87319642223399,1.06093176246454
3.88549228389188,1.09201770647244
3.89778814554976,1.12390237524963
3.91008400720765,1.15654089464932
3.92237986886553,1.18988182827827
3.93467573052342,1.2238673723284
3.94697159218131,1.25843359567914
3.95926745383919,1.293510721525
3.97156331549708,1.32902344646622
3.98385917715496,1.36489129276144
3.99615503881285,1.40102898928101
4.00845090047073,1.43734687661864
4.02074676212862,1.47375133181547
4.03304262378651,1.51014520822285
4.04533848544439,1.54642828617307
4.05763434710228,1.58249773033697
4.06993020876016,1.61824854991677
4.08222607041805,1.65357405814475
4.09452193207593,1.68836632792554
4.10681779373382,1.72251664086295
4.1191136553917,1.75591592734175
4.13140951704959,1.78845519578178
4.14370537870748,1.82002594963565
4.15600124036536,1.85052059115232
4.16829710202325,1.87983281136747
4.18059296368113,1.90785796619845
4.19288882533902,1.93449343890761
4.2051846869969,1.9596389895449
4.21748054865479,1.98319709228166
4.22977641031268,2.00507326179541
4.24207227197056,2.02517637005601
4.25436813362845,2.04341895499139
4.26666399528633,2.05971752257403
4.27895985694422,2.07399284386597
4.29125571860211,2.08617024848963
4.30355158025999,2.09617991585571
4.31584744191788,2.10395716528029
4.32814330357576,2.10944274586483
4.34043916523365,2.11258312669963
4.35273502689153,2.11333078759122
4.36503088854942,2.111644510112
4.37732675020731,2.10748966833713
4.38962261186519,2.10083851817632
4.40191847352308,2.09167048373751
4.41421433518096,2.07997243868544
4.42651019683885,2.06573898009119
4.43880605849673,2.04897269182004
4.45110192015462,2.02968439408426
4.46339778181251,2.00789337540612
4.47569364347039,1.98362760290336
4.48798950512828,1.95692390653449
4.50028536678616,1.92782813273293
4.51258122844405,1.89639526272478
4.52487709010193,1.86268949077069
4.53717295175982,1.82678425760417
4.5494688134177,1.78876223445924
4.56176467507559,1.74871525329313
4.57406053673348,1.70674417911431
4.58635639839136,1.66295872072285
4.59865226004925,1.61747717665598
4.61094812170713,1.57042611370282
4.62324398336502,1.52193997600298
4.6355398450229,1.47216062346774
4.64783570668079,1.42123679905024
4.66013156833868,1.36932352523378
4.67242742999656,1.31658143099332
4.68472329165445,1.26317601140329
4.69701915331233,1.20927682300097
4.70931501497022,1.15505661895686
4.7216108766281,1.10069042903613
4.73390673828599,1.04635459024528
4.74620259994388,0.992225734930702
4.75849846160176,0.938479743916657
4.77079432325965,0.885290673025896
4.78309018491753,0.832829662002959
4.79538604657542,0.781263835446648
4.8076819082333,0.730755205841694
4.81997776989119,0.681459589151628
4.83227363154908,0.633525543685099
4.84456949320696,0.587093343070615
4.85686535486485,0.542293994163108
4.86916121652273,0.49924831055753
4.88145707818062,0.458066052096899
4.8937529398385,0.418845140335924
4.90604880149639,0.381670959358223
4.91834466315427,0.346615750649483
4.93064052481216,0.31373810990703
4.94293638647005,0.28308259272583
4.95523224812793,0.25467943505211
4.96752810978582,0.228544393149938
4.9798239714437,0.204678706596454
4.99211983310159,0.183069186522403
5.00441569475948,0.163688429962028
5.01671155641736,0.146495159786916
5.02900741807525,0.131434688289594
5.04130327973313,0.118439501072607
5.05359914139102,0.107429956505789
5.0658950030489,0.0983150946569646
5.07819086470679,0.0909935482974434
5.09048672636467,0.0853545473511987
5.10278258802256,0.0812790070124363
5.11507844968045,0.0786406887164048
5.12737431133833,0.0773074222274947
5.13967017299622,0.0771423763203032
5.1519660346541,0.0780053648850463
5.16426189631199,0.079754174798405
5.17655775796987,0.0822459015725018
5.18885361962776,0.0853382786339923
5.20114948128565,0.0888909860958877
5.21344534294353,0.0927669250680226
5.22574120460142,0.0968334439070555
5.2380370662593,0.100963503330321
5.25033292791719,0.105036768004164
5.26262878957507,0.108940613058785
5.27492465123296,0.112571034968216
5.28722051289085,0.115833457353978
5.29951637454873,0.118643423510353
5.31181223620662,0.120927168792712
5.3241080978645,0.122622067440977
5.33640395952239,0.123676949909981
5.34869982118027,0.124052288327929
5.36099568283816,0.123720249283629
5.37329154449605,0.122664614732064
5.38558740615393,0.12088057338585
5.39788326781182,0.118374386506473
5.4101791294697,0.115162933504005
5.42247499112759,0.111273144177641
5.43477085278547,0.106741325763402
5.44706671444336,0.101612394182368
5.45936257610125,0.0959390199867616
5.47165843775913,0.089780700467955
5.48395429941702,0.0832027702074133
5.4962501610749,0.076275363008316
5.50854602273279,0.0690723386338213
5.52084188439067,0.0616701880915797
5.53313774604856,0.054146931339614
5.54543360770645,0.046581021244704
5.55772946936433,0.0390502674021892
5.57002533102222,0.0316307930292183
5.5823211926801,0.0243960375778988
5.59461705433799,0.0174158169887442
5.60691291599587,0.0107554526286861
5.61920877765376,0.00447497894415113
5.63150463931164,-0.00137156127749163
5.64380050096953,-0.00673672638952952
5.65609636262742,-0.0115801837968807
5.6683922242853,-0.0158691113894983
5.68068808594319,-0.0195784890502862
5.69298394760107,-0.0226912782810402
5.70527980925896,-0.0251984894933373
5.71757567091684,-0.0270991380062147
5.72987153257473,-0.0284000912587623
5.74216739423262,-0.0291158111635578
5.7544632558905,-0.0292679968773707
5.76675911754839,-0.0288851345307067
5.77905497920627,-0.0280019616210248
5.79135084086416,-0.0266588548206567
5.80364670252204,-0.0249011508661672
5.81594256417993,-0.0227784109697011
5.82823842583782,-0.0203436398151895
5.8405342874957,-0.0176524706659682
5.85283014915359,-0.014762328410332
5.86512601081147,-0.0117315825051388
5.87742187246936,-0.00861870174447079
5.88971773412724,-0.00548142258257546
5.90201359578513,-0.00237594238217767
5.91430945744302,0.000643851552698744
5.9266053191009,0.0035271069573257
5.93890118075879,0.0062266761897617
5.95119704241667,0.00869972192025023
5.96349290407456,0.0109082514509491
5.97578876573244,0.0128195733042265
5.98808462739033,0.0144066709071491
6.00038048904822,0.0156484894472939
6.0126763507061,0.0165301332620711
6.02497221236399,0.0170429724319034
6.03726807402187,0.0171846585577651
6.04956393567976,0.0169590509971694
6.06185979733764,0.0163760560913547
6.07415565899553,0.0154513831225183
6.08645152065342,0.0142062218767849
6.0987473823113,0.0126668477406278
6.11104324396919,0.0108641612114991
6.12333910562707,0.0088331695449311
6.13563496728496,0.0066124189793875
6.14793082894284,0.00424338656788301
6.16022669060073,0.00176984109469616
6.17252255225862,-0.000762817138274987
6.1848184139165,-0.00330822771070269
6.19711427557439,-0.00581974270989913
6.20941013723227,-0.00825109075604066
6.22170599889016,-0.0105570228709229
6.23400186054804,-0.012693931041969
6.24629772220593,-0.0146204308682258
6.25859358386381,-0.0162979003281967
6.2708894455217,-0.0176909674693876
6.28318530717959,-0.0187679406738594
