agent_id,energy_ratio,first_arg_agent_id,nrmse,other_agent_id,other_idx_in_pair,other_phase,pair_name,rank,reconstruction_mismatch_rmse,remaining_energy_ratio,removed_constant_energy_ratio,removed_other_energy_ratio,removed_self_energy_ratio,removed_total_energy_ratio,residual_energy_ratio,residual_nrmse,second_arg_agent_id,self_agent_id,self_idx_in_pair,self_phase,signal_index,source_agent_id,target_agent_id,total_energy_ratio,total_nrmse
11,0.88193992378858,11,0.733888370731207,12,2,phi_{12},11-12,1,0.0403310859090044,0.010599063102092,0.00329065237805903,0,0.986110284519849,0.989400936897908,0.88193992378858,0.733888370731207,12,11,1,phi_{11},1,12,11,0.998748673802397,0.104479586629922
11,0.91571916763589,11,0.721781364781786,12,2,phi_{12},11-12,2,0.0403310859090044,0.010599063102092,0.00329065237805903,0,0.986110284519849,0.989400936897908,0.91571916763589,0.721781364781786,12,11,1,phi_{11},1,12,11,0.999106702139476,0.10275597984261
11,0.938539324656535,11,0.713451224018561,12,2,phi_{12},11-12,3,0.0403310859090044,0.010599063102092,0.00329065237805903,0,0.986110284519849,0.989400936897908,0.938539324656535,0.713451224018561,12,11,1,phi_{11},1,12,11,0.999348574423737,0.101570064248058
11,0.955548971393861,11,0.707256700723067,12,2,phi_{12},11-12,4,0.0403310859090044,0.010599063102092,0.00329065237805903,0,0.986110284519849,0.989400936897908,0.955548971393861,0.707256700723067,12,11,1,phi_{11},1,12,11,0.999528860742851,0.100688184579304
11,0.96890199573969,11,0.702256634028573,12,2,phi_{12},11-12,5,0.0403310859090044,0.010599063102092,0.00329065237805903,0,0.986110284519849,0.989400936897908,0.96890199573969,0.702256634028573,12,11,1,phi_{11},1,12,11,0.999670390290496,0.0999763530226294
12,0.943784084348333,12,0.433590437626057,11,1,phi_{11},11-12,1,0.0193573540273814,0.0131225339777767,0.000746093904564346,0,0.986131372117659,0.986877466022223,0.943784084348333,0.433590437626057,11,12,2,phi_{12},2,11,12,0.999262304736769,0.0532434434544046
12,0.974893282969447,12,0.400675928499523,11,1,phi_{11},11-12,2,0.0193573540273814,0.0131225339777767,0.000746093904564346,0,0.986131372117659,0.986877466022223,0.974893282969447,0.400675928499523,11,12,2,phi_{12},2,11,12,0.999670536252696,0.0492016527380246
12,0.984714404735402,12,0.389897050822535,11,1,phi_{11},11-12,3,0.0193573540273814,0.0131225339777767,0.000746093904564346,0,0.986131372117659,0.986877466022223,0.984714404735402,0.389897050822535,11,12,2,phi_{12},2,11,12,0.99979941425677,0.0478780429111133
12,0.989838871183829,12,0.384121431724284,11,1,phi_{11},11-12,4,0.0193573540273814,0.0131225339777767,0.000746093904564346,0,0.986131372117659,0.986877466022223,0.989838871183829,0.384121431724284,11,12,2,phi_{12},2,11,12,0.999866660241857,0.0471688163641544
12,0.993084619787385,12,0.38042112853955,11,1,phi_{11},11-12,5,0.0193573540273814,0.0131225339777767,0.000746093904564346,0,0.986131372117659,0.986877466022223,0.993084619787385,0.38042112853955,11,12,2,phi_{12},2,11,12,0.999909252688191,0.0467144316123614
8,0.833931347362502,8,0.610780669870729,11,2,phi_{11},8-11,1,0.0131188346216925,0.00301085217906912,0.00297457095963707,0,0.994014576861294,0.996989147820931,0.833931347362502,0.610780669870729,11,8,1,phi_{8},1,11,8,0.999499991835332,0.0386110869938926
8,0.936044302664916,8,0.542812251243083,11,2,phi_{11},8-11,2,0.0131188346216925,0.00301085217906912,0.00297457095963707,0,0.994014576861294,0.996989147820931,0.936044302664916,0.542812251243083,11,8,1,phi_{8},1,11,8,0.999807438849315,0.0343143980940543
8,0.955706552112292,8,0.528990172311105,11,2,phi_{11},8-11,3,0.0131188346216925,0.00301085217906912,0.00297457095963707,0,0.994014576861294,0.996989147820931,0.955706552112292,0.528990172311105,11,8,1,phi_{8},1,11,8,0.999866638975909,0.0334406220916277
8,0.973194205938933,8,0.51631535933095,11,2,phi_{11},8-11,4,0.0131188346216925,0.00301085217906912,0.00297457095963707,0,0.994014576861294,0.996989147820931,0.973194205938933,0.51631535933095,11,8,1,phi_{8},1,11,8,0.99991929171654,0.0326393716088454
8,0.982396373765901,8,0.509521399221663,11,2,phi_{11},8-11,5,0.0131188346216925,0.00301085217906912,0.00297457095963707,0,0.994014576861294,0.996989147820931,0.982396373765901,0.509521399221663,11,8,1,phi_{8},1,11,8,0.999946998083594,0.0322098848916769
11,0.777259932499269,11,0.86892172605861,8,1,phi_{8},8-11,1,0.0421504306970683,0.00451533815659631,0.0095589634775759,0,0.985925698365828,0.995484661843404,0.777259932499269,0.86892172605861,8,11,2,phi_{11},2,8,11,0.998994253274211,0.104212875650553
11,0.84009674514536,11,0.857295459520454,8,1,phi_{8},8-11,2,0.0421504306970683,0.00451533815659631,0.0095589634775759,0,0.985925698365828,0.995484661843404,0.84009674514536,0.857295459520454,8,11,2,phi_{11},2,8,11,0.999277982731991,0.102818496119365
11,0.886754672546511,11,0.848756734088396,8,1,phi_{8},8-11,3,0.0421504306970683,0.00451533815659631,0.0095589634775759,0,0.985925698365828,0.995484661843404,0.886754672546511,0.848756734088396,8,11,2,phi_{11},2,8,11,0.999488659051893,0.10179441638355
11,0.921426514105773,11,0.842318890403664,8,1,phi_{8},8-11,4,0.0421504306970683,0.00451533815659631,0.0095589634775759,0,0.985925698365828,0.995484661843404,0.921426514105773,0.842318890403664,8,11,2,phi_{11},2,8,11,0.999645214141045,0.101022302874066
11,0.951385742844082,11,0.836889512179139,8,1,phi_{8},8-11,5,0.0421504306970683,0.00451533815659631,0.0095589634775759,0,0.985925698365828,0.995484661843404,0.951385742844082,0.836889512179139,8,11,2,phi_{11},2,8,11,0.999780490189709,0.100371138216993
8,0.86267488545854,8,0.56726170948318,12,2,phi_{12},8-12,1,0.0185120063704207,0.00744215345230607,0.00368007630094772,0,0.988877770246746,0.992557846547694,0.86267488545854,0.56726170948318,12,8,1,phi_{8},1,12,8,0.998978005424727,0.0556284588288149
8,0.936860943334345,8,0.513881013046145,12,2,phi_{12},8-12,2,0.0185120063704207,0.00744215345230607,0.00368007630094772,0,0.988877770246746,0.992557846547694,0.936860943334345,0.513881013046145,12,8,1,phi_{8},1,12,8,0.999530109451461,0.0503936865458302
8,0.951357198715788,8,0.502890502988412,12,2,phi_{12},8-12,3,0.0185120063704207,0.00744215345230607,0.00368007630094772,0,0.988877770246746,0.992557846547694,0.951357198715788,0.502890502988412,12,8,1,phi_{8},1,12,8,0.999637992808493,0.0493159033532871
8,0.963802750234809,8,0.493245316404152,12,2,phi_{12},8-12,4,0.0185120063704207,0.00744215345230607,0.00368007630094772,0,0.988877770246746,0.992557846547694,0.963802750234809,0.493245316404152,12,8,1,phi_{8},1,12,8,0.999730614512696,0.0483700491631857
8,0.974279749187819,8,0.484872899405881,12,2,phi_{12},8-12,5,0.0185120063704207,0.00744215345230607,0.00368007630094772,0,0.988877770246746,0.992557846547694,0.974279749187819,0.484872899405881,12,8,1,phi_{8},1,12,8,0.999808585946624,0.0475490089863151
12,0.939816645053357,12,0.450100892695703,8,1,phi_{8},8-12,1,0.0202701086495467,0.0133272962886969,0.00242542982293135,0,0.984247273888372,0.986672703711303,0.939816645053357,0.450100892695703,8,12,2,phi_{12},2,8,12,0.999197918596978,0.0561944303802913
12,0.967180283020859,12,0.423367674087275,8,1,phi_{8},8-12,2,0.0202701086495467,0.0133272962886969,0.00242542982293135,0,0.984247273888372,0.986672703711303,0.967180283020859,0.423367674087275,8,12,2,phi_{12},2,8,12,0.999562601907708,0.0528568275976457
12,0.984451663058873,12,0.405107964471455,8,1,phi_{8},8-12,3,0.0202701086495467,0.0133272962886969,0.00242542982293135,0,0.984247273888372,0.986672703711303,0.984451663058873,0.405107964471455,8,12,2,phi_{12},2,8,12,0.999792782706789,0.0505771298733752
12,0.988558956851038,12,0.400794906929904,8,1,phi_{8},8-12,4,0.0202701086495467,0.0133272962886969,0.00242542982293135,0,0.984247273888372,0.986672703711303,0.988558956851038,0.400794906929904,8,12,2,phi_{12},2,8,12,0.999847521828102,0.0500386510219042
12,0.991392655905103,12,0.397697701049062,8,1,phi_{8},8-12,5,0.0202701086495467,0.0133272962886969,0.00242542982293135,0,0.984247273888372,0.986672703711303,0.991392655905103,0.397697701049062,8,12,2,phi_{12},2,8,12,0.999885287374988,0.0496519694510189
8,0.683619133638477,8,0.819644069318836,9,2,phi_{9},8-9,1,0.0143862353969834,0.00107183242630607,0.00524095315187572,0,0.993687214421818,0.998928167573694,0.683619133638477,0.819644069318836,9,8,1,phi_{8},1,9,8,0.999660892728371,0.0390461623265504
8,0.853695380680084,8,0.768857033140382,9,2,phi_{9},8-9,2,0.0143862353969834,0.00107183242630607,0.00524095315187572,0,0.993687214421818,0.998928167573694,0.853695380680084,0.768857033140382,9,8,1,phi_{8},1,9,8,0.999843185964895,0.0366267720900588
8,0.90220277770929,8,0.753611340076701,9,2,phi_{9},8-9,3,0.0143862353969834,0.00107183242630607,0.00524095315187572,0,0.993687214421818,0.998928167573694,0.90220277770929,0.753611340076701,9,8,1,phi_{8},1,9,8,0.999895177765946,0.0359004985422736
8,0.934271908513616,8,0.743578873854661,9,2,phi_{9},8-9,4,0.0143862353969834,0.00107183242630607,0.00524095315187572,0,0.993687214421818,0.998928167573694,0.934271908513616,0.743578873854661,9,8,1,phi_{8},1,9,8,0.999929550500226,0.0354225724286046
8,0.955319270943947,8,0.736866431164446,9,2,phi_{9},8-9,5,0.0143862353969834,0.00107183242630607,0.00524095315187572,0,0.993687214421818,0.998928167573694,0.955319270943947,0.736866431164446,9,8,1,phi_{8},1,9,8,0.999952109745767,0.0351028054264379
9,0.687164182356787,9,0.822356314695016,8,1,phi_{8},8-9,1,0.0146487620361659,0.00110147454110205,0.000430917887057796,0,0.99846760757184,0.998898525458898,0.687164182356787,0.822356314695016,8,9,2,phi_{9},2,8,9,0.999655419311321,0.0396322317712421
9,0.802584553751046,9,0.789130305940742,8,1,phi_{8},8-9,2,0.0146487620361659,0.00110147454110205,0.000430917887057796,0,0.99846760757184,0.998898525458898,0.802584553751046,0.789130305940742,8,9,2,phi_{9},2,8,9,0.999782551911936,0.0380309540084866
9,0.857800695498325,9,0.772624358202609,8,1,phi_{8},8-9,3,0.0146487620361659,0.00110147454110205,0.000430917887057796,0,0.99846760757184,0.998898525458898,0.857800695498325,0.772624358202609,8,9,2,phi_{9},2,8,9,0.999843371086329,0.0372354745615947
9,0.903851721954217,9,0.758536133127085,8,1,phi_{8},8-9,4,0.0146487620361659,0.00110147454110205,0.000430917887057796,0,0.99846760757184,0.998898525458898,0.903851721954217,0.758536133127085,8,9,2,phi_{9},2,8,9,0.999894095119562,0.036556513639837
9,0.930177649126194,9,0.750295490790611,8,1,phi_{8},8-9,5,0.0146487620361659,0.00110147454110205,0.000430917887057796,0,0.99846760757184,0.998898525458898,0.930177649126194,0.750295490790611,8,9,2,phi_{9},2,8,9,0.999923092458112,0.0361593682161478
9,0.698648920511876,9,0.706202045433351,11,2,phi_{11},9-11,1,0.0202353481489834,0.00587332940175893,0.00371260682846944,0,0.990414063769772,0.994126670598241,0.698648920511876,0.706202045433351,11,9,1,phi_{9},1,11,9,0.998230065844591,0.0641198388662025
9,0.832880250452627,9,0.633968653425312,11,2,phi_{11},9-11,2,0.0202353481489834,0.00587332940175893,0.00371260682846944,0,0.990414063769772,0.994126670598241,0.832880250452627,0.633968653425312,11,9,1,phi_{9},1,11,9,0.999018450661369,0.057561385111693
9,0.88304780173901,9,0.605582523754588,11,2,phi_{11},9-11,3,0.0202353481489834,0.00587332940175893,0.00371260682846944,0,0.990414063769772,0.994126670598241,0.88304780173901,0.605582523754588,11,9,1,phi_{9},1,11,9,0.999313101215353,0.0549840574583795
9,0.929719140023012,9,0.576936239386544,11,2,phi_{11},9-11,4,0.0202353481489834,0.00587332940175893,0.00371260682846944,0,0.990414063769772,0.994126670598241,0.929719140023012,0.576936239386544,11,9,1,phi_{9},1,11,9,0.999587217358716,0.0523831089767487
9,0.94864729804434,9,0.564997195632848,11,2,phi_{11},9-11,5,0.0202353481489834,0.00587332940175893,0.00371260682846944,0,0.990414063769772,0.994126670598241,0.94864729804434,0.564997195632848,11,9,1,phi_{9},1,11,9,0.999698388665744,0.0512990997096362
11,0.802084723629989,11,0.665889769820391,9,1,phi_{9},9-11,1,0.0268416294616919,0.00892134491106658,0.0069637685099234,0,0.98411488657901,0.991078655088933,0.802084723629989,0.665889769820391,9,11,2,phi_{11},2,9,11,0.998234329556334,0.0759269045809992
11,0.89907384039292,11,0.613678623014679,9,1,phi_{9},9-11,2,0.0268416294616919,0.00892134491106658,0.0069637685099234,0,0.98411488657901,0.991078655088933,0.89907384039292,0.613678623014679,9,11,2,phi_{11},2,9,11,0.999099602919596,0.0699736208075436
11,0.936929019673019,11,0.59163091878941,9,1,phi_{9},9-11,3,0.0268416294616919,0.00892134491106658,0.0069637685099234,0,0.98411488657901,0.991078655088933,0.936929019673019,0.59163091878941,9,11,2,phi_{11},2,9,11,0.999437322030624,0.0674596702847812
11,0.960036232605859,11,0.578117265099167,9,1,phi_{9},9-11,4,0.0268416294616919,0.00892134491106658,0.0069637685099234,0,0.98411488657901,0.991078655088933,0.960036232605859,0.578117265099167,9,11,2,phi_{11},2,9,11,0.999643469447131,0.0659187997972282
11,0.975515849021617,11,0.568648161919785,9,1,phi_{9},9-11,5,0.0268416294616919,0.00892134491106658,0.0069637685099234,0,0.98411488657901,0.991078655088933,0.975515849021617,0.568648161919785,9,11,2,phi_{11},2,9,11,0.999781568444267,0.0648391020361971
9,0.818489803891494,9,0.668155292696898,12,2,phi_{12},9-12,1,0.0152834705252281,0.00289168454344486,6.04580006791781e-06,0,0.997102269656487,0.997108315456555,0.818489803891494,0.668155292696898,12,9,1,phi_{9},1,12,9,0.999475129771435,0.0438949301426521
9,0.889330827501226,9,0.63089514713286,12,2,phi_{12},9-12,2,0.0152834705252281,0.00289168454344486,6.04580006791781e-06,0,0.997102269656487,0.997108315456555,0.889330827501226,0.63089514713286,12,9,1,phi_{9},1,12,9,0.999679979664449,0.0414470987709406
9,0.920289161514798,9,0.614105140971047,12,2,phi_{12},9-12,3,0.0152834705252281,0.00289168454344486,6.04580006791781e-06,0,0.997102269656487,0.997108315456555,0.920289161514798,0.614105140971047,12,9,1,phi_{9},1,12,9,0.999769501400407,0.0403440675510685
9,0.941171691452455,9,0.602733386416273,12,2,phi_{12},9-12,4,0.0152834705252281,0.00289168454344486,6.04580006791781e-06,0,0.997102269656487,0.997108315456555,0.941171691452455,0.602733386416273,12,9,1,phi_{9},1,12,9,0.999829887089455,0.0395969921671912
9,0.956994937983204,9,0.593803266198912,12,2,phi_{12},9-12,5,0.0152834705252281,0.00289168454344486,6.04580006791781e-06,0,0.997102269656487,0.997108315456555,0.956994937983204,0.593803266198912,12,9,1,phi_{9},1,12,9,0.999875642926875,0.0390103216620092
12,0.871047168409456,12,0.620312658836945,9,1,phi_{9},9-12,1,0.0168008515345517,0.00402879026313697,0.000693598349950995,0,0.995277611386912,0.995971209736862,0.871047168409456,0.620312658836945,9,12,2,phi_{12},2,9,12,0.999480476087683,0.0466959887912447
12,0.927448276957444,12,0.586702815658986,9,1,phi_{9},9-12,2,0.0168008515345517,0.00402879026313697,0.000693598349950995,0,0.995277611386912,0.995971209736862,0.927448276957444,0.586702815658986,9,12,2,phi_{12},2,9,12,0.999707704324632,0.0441659020068543
12,0.952795833464592,12,0.570939027969594,9,1,phi_{9},9-12,3,0.0168008515345517,0.00402879026313697,0.000693598349950995,0,0.995277611386912,0.995971209736862,0.952795833464592,0.570939027969594,9,12,2,phi_{12},2,9,12,0.999809824313482,0.0429792332475361
12,0.971628655143,12,0.559120832519086,9,1,phi_{9},9-12,4,0.0168008515345517,0.00402879026313697,0.000693598349950995,0,0.995277611386912,0.995971209736862,0.971628655143,0.559120832519086,9,12,2,phi_{12},2,9,12,0.999885697802087,0.042089581368878
12,0.982218958661057,12,0.552306999552085,9,1,phi_{9},9-12,5,0.0168008515345517,0.00402879026313697,0.000693598349950995,0,0.995277611386912,0.995971209736862,0.982218958661057,0.552306999552085,9,12,2,phi_{12},2,9,12,0.999928363913785,0.0415766486351675
