psi,gamma_agent_1,gamma_agent_2,gamma_true
-3.14159265358979,0.375903612278045,0.339867891184962,-0.0360357210930829
-3.12929679193191,0.374550441506403,0.343060592623173,-0.0314898488832293
-3.11700093027402,0.373184787436668,0.34612411593997,-0.0270606714966975
-3.10470506861614,0.371808732226324,0.349057796150894,-0.0227509360754297
-3.09240920695825,0.370424036578074,0.351862275424286,-0.0185617611537888
-3.08011334530036,0.369032098452159,0.35453947082441,-0.0144926276277493
-3.06781748364248,0.367633916662984,0.357092522427155,-0.0105413942358291
-3.05552162198459,0.366230059991671,0.359525722755438,-0.00670433723623332
-3.04322576032671,0.364820642346632,0.361844428752565,-0.0029762135940663
-3.03092989866882,0.363405304396711,0.364054957763382,0.000649653366670777
-3.01863403701094,0.361983201987654,0.366164469221378,0.00418126723372431
-3.00633817535305,0.360553001534755,0.368180833941928,0.00762783240717313
-2.99404231369516,0.359112882464542,0.370112493094527,0.0109996106299853
-2.98174645203728,0.35766054665834,0.371968309067992,0.0143077624096523
-2.96945059037939,0.35619323473258,0.373757410550077,0.0175641758174964
-2.95715472872151,0.354707748876829,0.375489034215532,0.0207812853387027
-2.94485886706362,0.353200481862551,0.377172365453296,0.0239718835907458
-2.93256300540574,0.351667451735413,0.378816380563956,0.0271489288285431
-2.92026714374785,0.350104341613181,0.380429692823025,0.0303253512098433
-2.90797128208997,0.348506543931285,0.38202040473464,0.0335138608033557
-2.89567542043208,0.346869208410387,0.38359596869523,0.0367267602848423
-2.88337955877419,0.345187292965665,0.385163058149207,0.0399757651835413
-2.87108369711631,0.343455616736912,0.386727451151139,0.0432718344142277
-2.85878783545842,0.341668914392545,0.388293928053551,0.0466250136610057
-2.84649197380054,0.339821890849459,0.389866184819754,0.0500442939702955
-2.83419611214265,0.337909275554425,0.391446763220141,0.0535374876657168
-2.82190025048477,0.335925875491282,0.393036998911868,0.0571111234205861
-2.80960438882688,0.333866626110949,0.394636988129834,0.0607703620188854
-2.79730852716899,0.331726639427647,0.396245573435262,0.0645189340076147
-2.78501266551111,0.329501248583771,0.397860348681363,0.0683591000975919
-2.77271680385322,0.327186048256361,0.399477683067732,0.0722916348113706
-2.76042094219534,0.324776930358857,0.401092763870534,0.076315833511677
-2.74812508053745,0.322270114581208,0.402699657158479,0.0804295425772706
-2.73582921887957,0.319662173407849,0.404291385539006,0.0846292121311571
-2.72353335722168,0.316950051354793,0.405860021729054,0.0889099703742611
-2.71123749556379,0.314131078272267,0.407396796513709,0.0932657182414421
-2.69894163390591,0.311202976666095,0.408892219447482,0.0976892427813877
-2.68664577224802,0.308163863097443,0.410336210469715,0.102172347372271
-2.67434991059014,0.305012243824805,0.411718240450464,0.106705996625659
-2.66205404893225,0.301747004952248,0.413027478558212,0.111280473605964
-2.64975818727437,0.298367397442354,0.414252944247621,0.115885546805267
-2.63746232561648,0.294873017439191,0.415383661605623,0.120510644166432
-2.62516646395859,0.291263782424643,0.416408813768027,0.125145031343383
-2.61287060230071,0.287539903799081,0.417317895126822,0.129777991327741
-2.60057474064282,0.283701856533561,0.418100859090243,0.134399002556682
-2.58827887898494,0.279750346584531,0.418748259232493,0.138997912647963
-2.57598301732705,0.27568627679265,0.419251381776752,0.143565104984101
-2.56368715566917,0.271510712004327,0.419602367491771,0.148091655487444
-2.55139129401128,0.267224844157652,0.41979432124702,0.152569477089368
-2.53909543235339,0.262829958063614,0.419821407661218,0.156991449597604
-2.52679957069551,0.258327398588954,0.419678931491396,0.161351532902442
-2.51450370903762,0.253718539909367,0.419363401641015,0.165644861731648
-2.50220784737974,0.24900475745159,0.418872577912652,0.169867820461062
-2.48991198572185,0.244187403081234,0.418205499889566,0.174018096808332
-2.47761612406397,0.239267784021133,0.417362497597201,0.178094713576068
-2.46532026240608,0.234247145903834,0.416345183866398,0.182098037962563
-2.45302440074819,0.229126660273146,0.415156428590613,0.186029768317467
-2.44072853909031,0.223907416754988,0.413800315335946,0.189892898580958
-2.42843267743242,0.218590420018929,0.412282081021118,0.193691661002189
-2.41613681577454,0.213176591550544,0.410608039631069,0.197431448080525
-2.40384095411665,0.207666776152947,0.40878549115889,0.201118715005943
-2.39154509245877,0.202061752995437,0.406822617182981,0.204760864187545
-2.37924923080088,0.19636225093,0.404728364676632,0.208366113746632
-2.36695336914299,0.190568967704268,0.402512319812919,0.211943352108651
-2.35465750748511,0.184682592614104,0.400184573666499,0.215501981052396
-2.34236164582722,0.17870383206203,0.397755581823738,0.219051749761708
-2.33006578416934,0.172633437420537,0.395236019992023,0.222602582571486
-2.31776992251145,0.166472234543372,0.392636637747186,0.226164403203814
-2.30547406085357,0.160221154224256,0.389968112574022,0.229746958349766
-2.29317819919568,0.153881262872002,0.387240906338911,0.233359643466909
-2.2808823375378,0.147453792654488,0.384465126286,0.237011333631511
-2.26858647587991,0.140940170361692,0.381650392570004,0.240710222208312
-2.25629061422202,0.134342044250285,0.37880571423091,0.244463669980625
-2.24399475256414,0.127661308159053,0.375939375380395,0.248278067221342
-2.23169889090625,0.120900122225268,0.373058833208799,0.25215871098353
-2.21940302924837,0.114060929586576,0.370170629237516,0.256109699650939
-2.20710716759048,0.107146468520092,0.367280315037615,0.260133846517524
-2.19481130593259,0.100159779549253,0.364392393414447,0.264232613865194
-2.18251544427471,0.0931042071381747,0.361510275823378,0.268406068685204
-2.17021958261682,0.0859833956914011,0.35863625653717,0.272652860845769
-2.15792372095894,0.0788012796823789,0.35577150383458,0.276970224152201
-2.14562785930105,0.0715620678448908,0.352916068226282,0.281354000381391
-2.13333199764317,0.0642702214761792,0.350068907482023,0.285798686005844
-2.12103613598528,0.05693042701656,0.347227927975701,0.290297500959141
-2.1087402743274,0.0495475631859384,0.344390041626553,0.294842478440615
-2.09644441266951,0.0421266630706878,0.341551237488292,0.299424574417604
-2.08414855101162,0.0346728716628238,0.338706666827178,0.304033795164354
-2.07185268935374,0.0271913994552731,0.335850740337675,0.308659340882402
-2.05955682769585,0.0196874727903645,0.332977235973361,0.313289763182996
-2.04726096603797,0.0121662817417098,0.330079415723433,0.317913133981724
-2.03496510438008,0.00463292638066867,0.327150149543685,0.322517223163016
-2.0226692427222,-0.00290763766378771,0.324182044556716,0.327089682220504
-2.01037338106431,-0.0104506534001214,0.321167577570786,0.331618230970907
-1.99807751940642,-0.0179916154453301,0.318099228930764,0.336090844376094
-1.98578165774854,-0.0255263207826358,0.314969615708561,0.340495936491196
-1.97348579609065,-0.0330509163227172,0.311771622264008,0.344822538586725
-1.96118993443277,-0.0405619423091424,0.308498526259995,0.349060468569138
-1.94889407277488,-0.0480563706496001,0.305144118296638,0.353200488946238
-1.936598211117,-0.0555316373123615,0.301702813437044,0.357234450749406
-1.92430234945911,-0.06298566800151,0.298169753030059,0.361155421031569
-1.91200648780122,-0.0704168964139357,0.294540895390974,0.36495779180491
-1.89971062614334,-0.077824274484745,0.290813094077203,0.368637368561948
-1.88741476448545,-0.0852072741441255,0.286984162689455,0.37219143683358
-1.87511890282757,-0.0925658802361914,0.283052925337077,0.375618805573268
-1.86282304116968,-0.0999005743870088,0.279019252125604,0.378919826512612
-1.8505271795118,-0.107212309752825,0.274884079251948,0.382096389004773
-1.83823131785391,-0.114502476728267,0.270649413524437,0.385151890252704
-1.82593545619602,-0.121772859845612,0.266318321357668,0.38809118120328
-1.81363959453814,-0.12902558624774,0.2618949025223,0.390920488770041
-1.80134373288025,-0.136263066266605,0.257384249154052,0.393647315420657
-1.78904787122237,-0.143487926783522,0.252792390740929,0.396280317524452
-1.77675200956448,-0.150702938184862,0.248126226009961,0.398829164194823
-1.7644561479066,-0.15791093585445,0.24339344282143,0.401304378675879
-1.75216028624871,-0.165114737259935,0.238602427347134,0.403717164607069
-1.73986442459082,-0.172317055792408,0.233762163957107,0.406079219749515
-1.72756856293294,-0.179520412604776,0.22888212736445,0.408402539969226
-1.71527270127505,-0.186727047763136,0.223972168678711,0.410699216441846
-1.70297683961717,-0.193938832075144,0.219042397093279,0.412981229168423
-1.69068097795928,-0.201157180989005,0.214103058980596,0.415260239969601
-1.6783851163014,-0.208382971965355,0.209164416190087,0.417547388155442
-1.66608925464351,-0.215616466711342,0.204236625337525,0.419853092048867
-1.65379339298562,-0.222857239631493,0.199329619841281,0.422186859472774
-1.64149753132774,-0.230104113793493,0.194452996401424,0.424557110194917
-1.62920166966985,-0.237355105629303,0.189615907532932,0.426971013162235
-1.61690580801197,-0.244607379493865,0.184826961655928,0.429434341149793
-1.60460994635408,-0.2518572130861,0.180094132115675,0.431951345201775
-1.5923140846962,-0.259099974601397,0.175424676355232,0.434524650956629
-1.58001822303831,-0.266330112333125,0.17082506629666,0.437155178629785
-1.56772236138042,-0.27354115727476,0.166300930805157,0.439842088079917
-1.55542649972254,-0.280725739096383,0.161857010917399,0.442582750013782
-1.54313063806465,-0.287875615681969,0.157497128313791,0.44537274399576
-1.53083477640677,-0.29498171621975,0.153224167307326,0.448205883527075
-1.51853891474888,-0.302034197639733,0.14904007041276,0.451074268052492
-1.506243053091,-0.309022513993258,0.144945847351819,0.453968361345078
-1.49394719143311,-0.315935498172019,0.140941597146609,0.456877095318628
-1.48165132977523,-0.322761455171455,0.137026542757225,0.45978799792868
-1.46935546811734,-0.329488265918716,0.133199077533842,0.462687343452559
-1.45705960645945,-0.336103500511321,0.129456822581052,0.465560323092373
-1.44476374480157,-0.342594539552131,0.125796693975452,0.468391233527584
-1.43246788314368,-0.34894870212173,0.122214978638854,0.471163680760583
-1.4201720214858,-0.355153378803321,0.118707417550862,0.473860796354183
-1.40787615982791,-0.361196168069877,0.115269294887786,0.476465462957663
-1.39558029817003,-0.367065014260425,0.111895531601057,0.478960545861483
-1.38328443651214,-0.372748345313608,0.108580781898676,0.481329127212284
-1.37098857485425,-0.378235208393239,0.10531953106807,0.483554739461309
-1.35869271319637,-0.383515401533371,0.102106193078494,0.485621594611865
-1.34639685153848,-0.388579599449889,0.098935206425392,0.487514805875281
-1.3341009898806,-0.393419471711987,0.0958011267274236,0.489220598439411
-1.32180512822271,-0.398027791539747,0.0926987146582454,0.490726506197992
-1.30950926656483,-0.402398533592786,0.0896230178881645,0.49202155148095
-1.29721340490694,-0.406526959238471,0.086569445823948,0.493096405062419
-1.28491754324905,-0.410409687935081,0.0835338360663182,0.493943524001399
-1.27262168159117,-0.414044753533735,0.0805125116518108,0.494557265185546
-1.26032581993328,-0.417431644490743,0.0775023283062397,0.494933972796983
-1.2480299582754,-0.420571327186802,0.074500711108346,0.495072038295148
-1.23573409661751,-0.423466251768474,0.0715056801414866,0.494971931909961
-1.22343823495963,-0.426120340157608,0.0685158648955236,0.494636205053132
-1.21114237330174,-0.428538956112705,0.0655305073674333,0.494069463480138
-1.19884651164385,-0.430728857469288,0.0625494539945489,0.493278311463836
-1.18655064998597,-0.432698130930753,0.0595731367358402,0.492271267666594
-1.17425478832808,-0.434456110023434,0.0566025437913193,0.491058653814753
-1.1619589266702,-0.4360132770662,0.0536391806147994,0.489652457681
-1.14966306501231,-0.437381150232482,0.0506850220282215,0.488066172260703
-1.13736720335443,-0.438572156997648,0.047742456384234,0.486314613381882
-1.12507134169654,-0.43959949546418,0.0448142228455282,0.484413718309708
-1.11277548003865,-0.440476985237872,0.0419033429527291,0.482380328190601
-1.10047961838077,-0.441218909687742,0.0390130477358913,0.480231957423633
-1.08818375672288,-0.441839851557868,0.0361467016866114,0.477986553244479
-1.075887895065,-0.442354524008874,0.0333077249475909,0.475662248956465
-1.06359203340711,-0.442777599248471,0.0304995150936407,0.473277114342112
-1.05129617174923,-0.443123536962847,0.0277253698724835,0.470848906835331
-1.03900031009134,-0.443406414782874,0.0249884122454924,0.468394827028366
-1.02670444843345,-0.443639763010383,0.0222915190183063,0.465931282028689
-1.01440858677557,-0.44383640579011,0.0196372542800112,0.463473660070121
-1.00211272511768,-0.44400831084254,0.0170278087785643,0.461036119621104
-0.989816863459798,-0.444166449772637,0.0144649462509356,0.458631396023573
-0.977521001801912,-0.444320670840411,0.0119499576009473,0.456270628441359
-0.965225140144026,-0.444479585923151,0.00948362367812197,0.453963209601272
-0.952929278486141,-0.444650473217891,0.0070661872593818,0.451716660477273
-0.940633416828255,-0.444839197028703,0.00469733467468988,0.449536531703393
-0.928337555170369,-0.44505014575939,0.00237618735039757,0.447426333109787
-0.916041693512484,-0.44528618899124,0.000101303372914058,0.445387492364154
-0.903745831854598,-0.445548654270865,-0.00212931099679453,0.443419343274071
-0.891449970196712,-0.445837323968379,-0.00431818009762877,0.44151914387075
-0.879154108538827,-0.446150452294969,-0.00646832833702676,0.439682123957942
-0.866858246880941,-0.446484802295032,-0.0085832409174042,0.437901561377628
-0.854562385223055,-0.446835702355362,-0.0106668165320934,0.436168885823268
-0.84226652356517,-0.447197121506319,-0.0127233128783107,0.434473808628009
-0.829970661907284,-0.447561762531179,-0.0147572859558585,0.432804476575321
-0.817674800249398,-0.447921171653799,-0.0167735242248417,0.431147647428957
-0.805378938591512,-0.448265863344799,-0.0187769787819501,0.429488884562849
-0.793083076933627,-0.448585458576031,-0.0207726907814243,0.427812767794606
-0.780787215275741,-0.448868834665247,-0.0227657173726148,0.426103117292632
-0.768491353617855,-0.449104284690366,-0.0247610574503102,0.424343227240056
-0.75619549195997,-0.449279684317958,-0.0267635785163848,0.422516105801573
-0.743899630302084,-0.449382663785613,-0.0287779459317604,0.420604717853852
-0.731603768644198,-0.449400782704226,-0.0308085557965223,0.418592226907704
-0.719307906986313,-0.449321705305243,-0.0328594726339704,0.416462232671272
-0.707012045328427,-0.449133373750072,-0.0349343729724443,0.414199000777628
-0.694716183670541,-0.448824177144631,-0.0370364958182787,0.411787681326352
-0.682420322012656,-0.448383113960851,-0.039168600895901,0.40921451306495
-0.67012446035477,-0.447799945658445,-0.0413329353987752,0.40646701025967
-0.657828598696884,-0.447065339422875,-0.043531209849841,0.403534129573034
-0.645532737038999,-0.446170998087811,-0.0457645835146407,0.40040641457317
-0.633236875381113,-0.445109775490194,-0.0480336596470669,0.397076115843127
-0.620941013723227,-0.443875775710864,-0.0503384906792629,0.393537285031601
-0.608645152065342,-0.442464434880757,-0.0526785932964617,0.389785841584295
-0.596349290407456,-0.440872584478584,-0.0550529731672653,0.385819611311319
-0.58405342874957,-0.439098495307402,-0.0574601589328786,0.381638336374523
-0.571757567091684,-0.437141901610595,-0.0598982448978694,0.377243656712725
-0.559461705433799,-0.435004005068867,-0.0623649417128323,0.372639063356035
-0.547165843775913,-0.432687458704657,-0.0648576341983967,0.367829824506261
-0.534869982118027,-0.430196331004975,-0.0673734453327409,0.362822885672234
-0.522574120460142,-0.427536050853859,-0.0699093053132609,0.357626745540599
-0.510278258802256,-0.424713334137437,-0.0724620245092243,0.352251309628213
-0.49798239714437,-0.421736093143986,-0.0750283690477104,0.346707724096276
-0.485686535486485,-0.418613330124694,-0.0776051377212097,0.341008192403484
-0.473390673828599,-0.415355016604443,-0.0801892388729038,0.335165777731539
-0.461094812170713,-0.411971960232618,-0.082777765905494,0.329194194327124
-0.448798950512828,-0.408475661138763,-0.0853680700717712,0.323107591066992
-0.436503088854942,-0.404878159904255,-0.0879578292398127,0.316920330664442
-0.424207227197056,-0.401191879376925,-0.0905451113823138,0.310646767994611
-0.411911365539171,-0.397429462638956,-0.0931284316172805,0.304301031021676
-0.399615503881285,-0.393603609488231,-0.0957068017249797,0.297896807763251
-0.387319642223399,-0.389726913808747,-0.0982797711821723,0.291447142626575
-0.375023780565513,-0.385811704186601,-0.100847458887447,0.284964245299154
-0.362727918907628,-0.381869890074492,-0.103410574898869,0.278459315175623
-0.350432057249742,-0.377912815720533,-0.105970431664838,0.271942384055694
-0.338136195591856,-0.373951123957595,-0.108528944398488,0.265422179559106
-0.325840333933971,-0.36999463179915,-0.11108862042248,0.25890601137667
-0.313544472276085,-0.366052219608802,-0.113652537491794,0.252399682117008
-0.301248610618199,-0.362131735406001,-0.116224311284264,0.245907424121737
-0.288952748960314,-0.358239915642758,-0.118808052429094,0.239431863213665
-0.276656887302428,-0.354382323538919,-0.121408313619636,0.232974009919283
-0.264361025644542,-0.350563305800216,-0.124030027525344,0.226533278274872
-0.252065163986657,-0.346785968267877,-0.126678436376258,0.220107531891619
-0.239769302328771,-0.343052170764977,-0.129359014239129,0.213693156525848
-0.227473440670885,-0.339362541117213,-0.132077383134772,0.207285157982442
-0.215177579013,-0.335716508038561,-0.134839224259341,0.200877283779221
-0.202881717355114,-0.332112352289623,-0.137650185666005,0.194462166623618
-0.190585855697228,-0.328547275242538,-0.140515787836282,0.188031487406256
-0.178289994039342,-0.325017483725226,-0.143441328620816,0.181576155104411
-0.165994132381457,-0.321518289773319,-0.14643178905663,0.17508650071669
-0.153698270723571,-0.318044223694052,-0.149491741571311,0.168552482122741
-0.141402409065685,-0.314589158646066,-0.152625262063913,0.161963896582153
-0.1291065474078,-0.311146444765428,-0.155835847307777,0.155310597457652
-0.116810685749914,-0.307709050723915,-0.159126339052506,0.148582711671409
-0.104514824092028,-0.304269710492921,-0.162498856111909,0.141770854381011
-0.0922189624341427,-0.300821073006947,-0.165954735613053,0.134866337393894
-0.079923100776257,-0.297355852375799,-0.169494484450395,0.127861367925405
-0.0676272391183713,-0.293866976285071,-0.173117741840054,0.120749234445017
-0.0553313774604856,-0.290347730250509,-0.176823253705035,0.113524476545474
-0.0430355158025999,-0.286791895453037,-0.180608859444953,0.106183036008085
-0.0307396541447142,-0.283193877976851,-0.184471491456385,0.0987223865204657
-0.0184437924868285,-0.279548827401648,-0.188407187575165,0.0911416398264831
-0.00614793082894284,-0.27585274285998,-0.19241111641277,0.0834416264472098
0.00614793082894284,-0.272102564859496,-0.196477615358609,0.0756249495008869
0.0184437924868285,-0.268296251384922,-0.200600240821553,0.0676960105633698
0.0307396541447142,-0.26443283703264,-0.204771830090624,0.0596610069420161
0.0430355158025999,-0.260512474188408,-0.208984574009491,0.0515279001789167
0.0553313774604856,-0.256536455532179,-0.213230099485172,0.0433063560470072
0.0676272391183713,-0.25250721743916,-0.217499560691077,0.0350076567480829
0.079923100776257,-0.248428324138937,-0.221783737680681,0.0266445864582558
0.0922189624341427,-0.244304432790396,-0.22607314100321,0.0182312917871856
0.104514824092028,-0.240141239924797,-0.230358120808766,0.00978311911603041
0.116810685749914,-0.235945409998358,-0.23462897884909,0.00131643114926752
0.1291065474078,-0.231724487074716,-0.238876081723126,-0.00715159464841025
0.141402409065685,-0.227486790922458,-0.243089973684764,-0.0156031827623068
0.153698270723571,-0.223241299059496,-0.247261487324235,-0.0240201882647387
0.165994132381457,-0.218997516500701,-0.251381850454935,-0.0323843339542336
0.178289994039342,-0.214765335164393,-0.255442787583853,-0.0406774524194598
0.190585855697228,-0.210554885063984,-0.259436614415626,-0.0488817293516423
0.202881717355114,-0.206376379550556,-0.263356323936761,-0.0569799443862054
0.215177579013,-0.202239956978209,-0.267195662746262,-0.0649557057680532
0.227473440670885,-0.198155521234954,-0.270949196440234,-0.0727936752052802
0.239769302328771,-0.194132583616412,-0.274612363018822,-0.0804797794024101
0.252065163986657,-0.190180108517015,-0.27818151346181,-0.0880014049447954
0.264361025644542,-0.186306365373598,-0.281653938811706,-0.0953475734381078
0.276656887302428,-0.182518789219611,-0.285027883307215,-0.102509094087604
0.288952748960314,-0.178823852095615,-0.288302543322662,-0.109478691227047
0.301248610618199,-0.175226947414788,-0.291478052086858,-0.11625110467207
0.313544472276085,-0.171732289202739,-0.294555450374805,-0.122823161172066
0.325840333933971,-0.168342827921624,-0.297536643584079,-0.129193815662455
0.338136195591856,-0.165060184352204,-0.300424345821374,-0.13536416146917
0.350432057249742,-0.161884602747483,-0.303222011830084,-0.141337409082601
0.362727918907628,-0.158814924191636,-0.305933757783854,-0.147118833592218
0.375023780565513,-0.155848580802053,-0.308564272150495,-0.152715691348441
0.387319642223399,-0.152981611104805,-0.311118717992775,-0.15813710688797
0.399615503881285,-0.150208696599175,-0.313602628214676,-0.163393931615502
0.411911365539171,-0.147523219209611,-0.316021795381382,-0.168498576171771
0.424207227197056,-0.144917339008277,-0.318382157836581,-0.173464818828304
0.436503088854942,-0.142382091282946,-0.32068968390993,-0.178307592626984
0.448798950512828,-0.139907501727848,-0.322950256049459,-0.183042754321611
0.461094812170713,-0.137482718253707,-0.325169556727512,-0.187686838473805
0.473390673828599,-0.135096157651817,-0.327352957953999,-0.192256800302182
0.485686535486485,-0.132735665109566,-0.329505416187389,-0.196769751077823
0.49798239714437,-0.130388684364937,-0.331631374362385,-0.201242689997449
0.510278258802256,-0.128042436108468,-0.33373467265448,-0.205692236546012
0.522574120460142,-0.125684102095783,-0.335818469476982,-0.2101343673812
0.534869982118027,-0.123301012324323,-0.337885174057225,-0.214584161732902
0.547165843775913,-0.120880832556387,-0.339936391767745,-0.219055559211358
0.559461705433799,-0.118411749438015,-0.341972883197607,-0.223561133759592
0.571757567091684,-0.115882650470649,-0.343994537741606,-0.228111887270957
0.58405342874957,-0.113283296139817,-0.346000362263782,-0.232717066123965
0.596349290407456,-0.110604481592007,-0.347988485159883,-0.237384003567876
0.608645152065342,-0.107838185376385,-0.349956175904551,-0.242117990528166
0.620941013723227,-0.104977702930527,-0.351899879926668,-0.246922176996142
0.633236875381113,-0.10201776268674,-0.353815268414234,-0.251797505727494
0.645532737038999,-0.0989546229053009,-0.355697302411986,-0.256742679506685
0.657828598696884,-0.0957861475998225,-0.357540310344455,-0.261754162744633
0.67012446035477,-0.0925118602045707,-0.359338077877819,-0.266826217673249
0.682420322012656,-0.0891329739398783,-0.361083948829219,-0.271950974889341
0.694716183670541,-0.085652398155612,-0.362770935645455,-0.277118537489843
0.707012045328427,-0.0820747202694369,-0.364391837807035,-0.282317117537598
0.719307906986313,-0.0784061632616175,-0.365939366371277,-0.28753320310966
0.731603768644198,-0.0746545190364361,-0.367406272751811,-0.292751753715375
0.743899630302084,-0.0708290583070494,-0.368785479743415,-0.297956421436365
0.75619549195997,-0.0669404180007618,-0.370070212742293,-0.303129794741531
0.768491353617855,-0.0630004675104177,-0.371254129083672,-0.308253661573254
0.780787215275741,-0.0590221554301363,-0.372331443421806,-0.313309287991669
0.793083076933627,-0.0550193387053834,-0.37329704711224,-0.318277708406856
0.805378938591512,-0.051006596394165,-0.374146619622292,-0.323140023228127
0.817674800249398,-0.0469990304739621,-0.374876730092439,-0.327877699618477
0.829970661907284,-0.0430120563343926,-0.375484927297437,-0.332472870963044
0.84226652356517,-0.0390611857653854,-0.375969816409896,-0.336908630644511
0.854562385223055,-0.0351618053822636,-0.376331121148674,-0.341169315766411
0.866858246880941,-0.0313289535205066,-0.376569730097238,-0.345240776576732
0.879154108538827,-0.0275770986825409,-0.376687726200371,-0.34911062751783
0.891449970196712,-0.0239199226258032,-0.376688398687991,-0.352768476062188
0.903745831854598,-0.0203701111451582,-0.376576236929005,-0.356206125783847
0.916041693512484,-0.0169391555238176,-0.376356905982344,-0.359417750458527
0.928337555170369,-0.0136371675060813,-0.376037203882741,-0.362400036376659
0.940633416828255,-0.0104727104839419,-0.375625000971469,-0.365152290487527
0.952929278486141,-0.00745264938993667,-0.37512916185309,-0.367676512463153
0.965225140144026,-0.00458202155314286,-0.374559450824201,-0.369977429271058
0.977521001801912,-0.00186393050702716,-0.37392642187528,-0.372062491368253
0.989816863459798,0.000700535559485904,-0.373241294608123,-0.373941830167609
1.00211272511768,0.00311235933885673,-0.372515817635263,-0.37562817697412
1.01440858677557,0.00537462290412011,-0.371762121230902,-0.377136744135022
1.02670444843345,0.00749250850430891,-0.37099256118184,-0.378485069686149
1.03900031009134,0.009473271360699,-0.370219555939027,-0.379692827299726
1.05129617174923,0.0113261845453355,-0.369455419293123,-0.380781603838459
1.06359203340711,0.0130624564011822,-0.368712190888785,-0.381774647289967
1.075887895065,0.0146951213369149,-0.368001466950774,-0.382696588287689
1.08818375672288,0.0162389051937005,-0.367334233619217,-0.383573138812917
1.10047961838077,0.0177100667312265,-0.366720705280859,-0.384430772012086
1.11277548003865,0.0191262171109126,-0.366170170237858,-0.385296387348771
1.12507134169654,0.0205061195610401,-0.365690845975858,-0.386196965536898
1.13736720335443,0.0218694716872062,-0.365289746179839,-0.387159217867045
1.14966306501231,0.0232366731381336,-0.364972561500823,-0.388209234638956
1.1619589266702,0.0246285815479831,-0.364743555900894,-0.389372137448877
1.17425478832808,0.02606625984894,-0.364605480200529,-0.390671740049469
1.18655064998597,0.0275707181795118,-0.364559504223639,-0.392130222403151
1.19884651164385,0.0291626537027961,-0.36460516868523,-0.393767822388026
1.21114237330174,0.0308621916936334,-0.364740357697645,-0.395602549391278
1.22343823495963,0.0326886312533437,-0.364961292487769,-0.397649923741113
1.23573409661751,0.0346601989655803,-0.365262546623404,-0.399922745588984
1.2480299582754,0.0367938137172289,-0.365637082746406,-0.402430896463635
1.26032581993328,0.039104865775388,-0.36607631050755,-0.405181176282938
1.27262168159117,0.0416070130370101,-0.366570165097668,-0.408177178134678
1.28491754324905,0.0443119971540727,-0.367107205475996,-0.411419202630068
1.29721340490694,0.0472294819870141,-0.367674731113875,-0.414904213100889
1.30950926656483,0.0503669165559675,-0.368258915804442,-0.418625832360409
1.32180512822271,0.0537294243468332,-0.36884495684041,-0.422574381187243
1.3341009898806,0.0573197204916506,-0.369417237636404,-0.426736958128055
1.34639685153848,0.0611380579845955,-0.369959501672792,-0.431097559657388
1.35869271319637,0.0651822037210499,-0.370455035467691,-0.435637239188741
1.37098857485425,0.0694474447625946,-0.370886858145399,-0.440334302907994
1.38328443651214,0.0739266248406312,-0.371237915065027,-0.445164539905659
1.39558029817003,0.0786102107208825,-0.371491272904372,-0.450101483625255
1.40787615982791,0.0834863876654925,-0.371630313562106,-0.455116701227598
1.4201720214858,0.0885411828540031,-0.371638924246945,-0.460180107100948
1.43246788314368,0.0937586152641542,-0.37150168116558,-0.465260296429734
1.44476374480157,0.0991208701730324,-0.371204024301401,-0.470324894474434
1.45705960645945,0.104608496123109,-0.370732420892459,-0.475340917015568
1.46935546811734,0.110200621910351,-0.3700745153681,-0.480275137278451
1.48165132977523,0.115875190896629,-0.369219263687306,-0.485094454583935
1.49394719143311,0.121609209729456,-0.368157050235425,-0.48976625996488
1.506243053091,0.127379008371439,-0.366879785676751,-0.49425879404819
1.51853891474888,0.133160508202162,-0.365380984424919,-0.498541492627081
1.53083477640677,0.13892949485809,-0.363655820677623,-0.502585315535714
1.54313063806465,0.144661892422901,-0.361701162262695,-0.506363054685596
1.55542649972254,0.150334035571737,-0.359515581854833,-0.50984961742657
1.56772236138042,0.155922936308401,-0.357099345441785,-0.513022281750186
1.58001822303831,0.161406542013712,-0.354454378240969,-0.515860920254681
1.5923140846962,0.16676398164493,-0.351584208587757,-0.518348190232687
1.60460994635408,0.17197579708857,-0.348493890630289,-0.520469687718859
1.61690580801197,0.17702415686966,-0.345189906968177,-0.522214063837837
1.62920166966985,0.181893049656751,-0.341680052659483,-0.523573102316234
1.64149753132774,0.186568455270455,-0.337973302287571,-0.524541757558026
1.65379339298562,0.191038491200143,-0.334079662023105,-0.525118153223249
1.66608925464351,0.19529353295476,-0.330010008832837,-0.525303541787596
1.6783851163014,0.199326306914828,-0.325775919172831,-0.525102226087659
1.69068097795928,0.203131954709291,-0.321389489656558,-0.524521444365849
1.70297683961717,0.206708068507737,-0.316863152305544,-0.52357122081328
1.71527270127505,0.210054696991017,-0.31220948707032,-0.522264184061337
1.72756856293294,0.213174322136284,-0.307441034350806,-0.520615356487091
1.73986442459082,0.216071807320965,-0.30257011024751,-0.518641917568474
1.75216028624871,0.218754317609417,-0.297608627237734,-0.516362944847151
1.7644561479066,0.221231213431227,-0.29256792289485,-0.513799136326077
1.77675200956448,0.223513919186732,-0.28745859915463,-0.510972518341362
1.78904787122237,0.225615768619336,-0.282290374482143,-0.507906143101479
1.80134373288025,0.22755182907153,-0.277071951107949,-0.504623780179479
1.81363959453814,0.229338706988832,-0.271810899285794,-0.501149606274626
1.82593545619602,0.230994337250084,-0.266513560278806,-0.49750789752889
1.83823131785391,0.232537759081082,-0.261184969510805,-0.493722728591887
1.8505271795118,0.233988881449363,-0.255828801027557,-0.489817682476919
1.86282304116968,0.235368240939587,-0.250447334103852,-0.485815575043439
1.87511890282757,0.236696755170325,-0.245041442510563,-0.481738197680888
1.88741476448545,0.237995474833848,-0.239610606625935,-0.477606081459783
1.89971062614334,0.239285337420764,-0.23415294824208,-0.473438285662844
1.91200648780122,0.240586925631829,-0.228665287585755,-0.469252213217584
1.92430234945911,0.24192023338112,-0.223143221746793,-0.465063455127913
1.936598211117,0.24330444215982,-0.217581223392781,-0.460885665552601
1.94889407277488,0.244757710360305,-0.211972758349254,-0.456730468709559
1.96118993443277,0.246296977958705,-0.206310420345216,-0.452607398303921
1.97348579609065,0.247937788723781,-0.200586080968224,-0.448523869692005
1.98578165774854,0.249694131864211,-0.19479105264536,-0.444485184509572
1.99807751940642,0.251578304748983,-0.188916262269504,-0.440494567018487
2.01037338106431,0.253600798040597,-0.182952432927281,-0.436553230967879
2.0226692427222,0.255770204272346,-0.17689027105839,-0.432660475330736
2.03496510438008,0.258093150583417,-0.170720656287513,-0.428813806870929
2.04726096603797,0.260574256003454,-0.164434831121128,-0.425009087124582
2.05955682769585,0.263216113355792,-0.158024587692985,-0.421240701048777
2.07185268935374,0.266019295530387,-0.151482448774014,-0.417501744304401
2.08414855101162,0.268982385567626,-0.144801840334656,-0.413784225902282
2.09644441266951,0.272102029696944,-0.137977253058948,-0.410079282755892
2.1087402743274,0.275373012193215,-0.131004390358854,-0.406377402552069
2.12103613598528,0.278788350652965,-0.123880300621951,-0.402668651274915
2.13333199764317,0.282339410054704,-0.116603491643356,-0.39894290169806
2.14562785930105,0.286016033756105,-0.109174025440388,-0.395190059196493
2.15792372095894,0.289806689397719,-0.101593591922587,-0.391400281320305
2.17021958261682,0.293698627530649,-0.0938655601863508,-0.387564187717
2.18251544427471,0.297678050665499,-0.0859950065184354,-0.383673057183934
2.19481130593259,0.30173029035326,-0.0779887185213688,-0.379719008874629
2.20710716759048,0.305839989856149,-0.0698551751118198,-0.375695164967969
2.21940302924837,0.309991289947905,-0.0616045024852392,-0.371595792433144
2.23169889090625,0.314168015398423,-0.0532484064817991,-0.367416421880222
2.24399475256414,0.318353859745968,-0.0448000821249074,-0.363153941870876
2.25629061422202,0.322532566040342,-0.0362741014295326,-0.358806667469875
2.26858647587991,0.326688101350596,-0.0276862808885578,-0.354374382239154
2.2808823375378,0.330804822969064,-0.0190535303369837,-0.349858353306048
2.29317819919568,0.334867634407186,-0.0103936851617479,-0.345261319568934
2.30547406085357,0.338862129465057,-0.00172532406545978,-0.340587453530517
2.31776992251145,0.342774722862718,0.0069324251980461,-0.335842297664672
2.33006578416934,0.346592766143764,0.0155600895227663,-0.331032676620998
2.34236164582722,0.350304647797209,0.0241380608513787,-0.326166586945831
2.35465750748511,0.353899876788309,0.0326468104443224,-0.321253066343986
2.36695336914299,0.357369148939412,0.0410671041226737,-0.316302044816738
2.37924923080088,0.360704395854209,0.0493802155703419,-0.311324180283867
2.39154509245877,0.363898816329381,0.0575681348021363,-0.306330681527245
2.40384095411665,0.366946890442963,0.0656137689660988,-0.301333121476864
2.41613681577454,0.369844376745381,0.0735011327502608,-0.29634324399512
2.42843267743242,0.372588293203806,0.0812155258042173,-0.291372767399589
2.44072853909031,0.375176882760174,0.0887436947626367,-0.286433187997538
2.45302440074819,0.37760956455529,0.0960739776684808,-0.281535586886809
2.46532026240608,0.379886872043318,0.103196428835341,-0.276690443207977
2.47761612406397,0.382010379370707,0.110102922457403,-0.271907456913304
2.48991198572185,0.383982617519338,0.116787233568329,-0.267195383951009
2.50220784737974,0.385806981814254,0.123245095262599,-0.262561886551655
2.51450370903762,0.387487632470602,0.129474231420149,-0.258013401050454
2.52679957069551,0.389029389902049,0.135474364512771,-0.253555025389279
2.53909543235339,0.390437626533639,0.141247198413979,-0.24919042811966
2.55139129401128,0.391718156856264,0.14679637647791,-0.244921780378354
2.56368715566917,0.392877127428168,0.152127415492516,-0.240749711935652
2.57598301732705,0.393920908472383,0.157247616442961,-0.236673292029422
2.58827887898494,0.39485598863897,0.162165953338076,-0.232690035300894
2.60057474064282,0.395688874399276,0.166892941651486,-0.22879593274779
2.61287060230071,0.396425995418061,0.17144048820537,-0.22498550721269
2.62516646395859,0.397073617110626,0.175821724574896,-0.22125189253573
2.63746232561648,0.397637761438498,0.180050826311661,-0.217586935126837
2.64975818727437,0.398124136831462,0.184142820471893,-0.213981316359569
2.66205404893225,0.398538077948696,0.188113384087183,-0.210424693861513
2.67434991059014,0.39888449581021,0.191978636329979,-0.206905859480231
2.68664577224802,0.399167838644898,0.19575492720151,-0.203412911443388
2.69894163390591,0.399392063616045,0.199458625605226,-0.199933438010819
2.71123749556379,0.399560619402125,0.203105909663811,-0.196454709738314
2.72353335722168,0.39967643943297,0.206712562092616,-0.192963877340354
2.73582921887957,0.399741945411535,0.210293773357649,-0.189448172053886
2.74812508053745,0.399759060592115,0.213863955223449,-0.185895105368665
2.76042094219534,0.399729232139209,0.217436567137078,-0.182292665002131
2.77271680385322,0.399653461759414,0.221023957701511,-0.178629504057903
2.78501266551111,0.399532343683474,0.224637223267796,-0.174895120415678
2.79730852716899,0.399366108978477,0.228286085423663,-0.171080023554814
2.80960438882688,0.399154675092325,0.231978788880705,-0.16717588621162
2.82190025048477,0.398897699474846,0.235722020966636,-0.16317567850821
2.83419611214265,0.39859463608281,0.239520853617896,-0.159073782464914
2.84649197380054,0.398244793559855,0.243378708445545,-0.15486608511431
2.85878783545842,0.397847393886675,0.247297345118503,-0.150550048768172
2.87108369711631,0.397401630321413,0.251276872977667,-0.146124757343745
2.88337955877419,0.39690672349412,0.255315785466879,-0.141590938027241
2.89567542043208,0.396361974581373,0.259411016646879,-0.136950957934495
2.90797128208997,0.395766814566219,0.263558018750851,-0.132208795815368
2.92026714374785,0.395120848683038,0.267750859449228,-0.127369989233809
2.93256300540574,0.394423895254682,0.271982337221299,-0.122441558033383
2.94485886706362,0.393676018248457,0.276244112985522,-0.117431905262934
2.95715472872151,0.39287755300587,0.280526855922868,-0.112350697083002
2.96945059037939,0.392029124736396,0.284820401240854,-0.107208723495542
2.98174645203728,0.391131659505235,0.28911391747283,-0.102017742032405
2.99404231369516,0.390186387586986,0.293396080789579,-0.0967903067974073
3.00633817535305,0.389194839198708,0.297655253719889,-0.091539585478819
3.01863403701094,0.388158832764706,0.301879665634434,-0.0862791671302713
3.03092989866882,0.387080455999328,0.306057592343535,-0.0810228636557939
3.04322576032671,0.385962040220788,0.310177532193953,-0.0757845080268346
3.05552162198459,0.384806128426586,0.314228376122168,-0.0705777523044179
3.06781748364248,0.383615437767706,0.31819956923029,-0.0654158685374167
3.08011334530036,0.382392817152603,0.322081261594211,-0.060311555558392
3.09240920695825,0.381141200791879,0.325864446189402,-0.0552767546024771
3.10470506861614,0.37986355855915,0.329541082025272,-0.0503224765338775
3.11700093027402,0.378562844092174,0.333104200811117,-0.0454586432810565
3.12929679193191,0.377241941590159,0.336547995731718,-0.0406939458584404
3.14159265358979,0.375903612278045,0.339867891184962,-0.036035721093083
