phi,a_1,a_2,a_3,a_4
0,-0.0834786170917601,-0.0950552300214532,-0.010006852582801,0.00187144207764747
0.0122958616578857,-0.0919122992034373,-0.104024174045318,-0.00998630610198112,-0.000982230943763488
0.0245917233157714,-0.0989807474030218,-0.11167609563727,-0.00966846937833865,-0.00379628035781609
0.0368875849736571,-0.104524070217155,-0.117842220875354,-0.00904799141082803,-0.00651650541862346
0.0491834466315427,-0.108408122489506,-0.122378723915924,-0.0081228125772208,-0.00908851661337938
0.0614793082894284,-0.110526880299525,-0.125169276245958,-0.00689403617235162,-0.0114585137681535
0.0737751699473141,-0.110804372134433,-0.126127164407555,-0.00536575200667929,-0.0135740715224188
0.0860710316051998,-0.109196135424651,-0.125196942302841,-0.00354481604207124,-0.0153849224821854
0.0983668932630855,-0.105690174968832,-0.122355591447971,-0.00144059062976508,-0.016843728263455
0.110662754920971,-0.100307407537893,-0.117613170202107,0.000935349582310339,-0.0179068286471765
0.122958616578857,-0.0931015849365956,-0.111012940931569,0.00356954059572148,-0.0185349591839298
0.135254478236743,-0.0841586958918225,-0.102630972157137,0.00644697507125591,-0.0186939278101205
0.147550339894628,-0.0735958552032241,-0.0925752208482933,0.00955146539978531,-0.0183552413653321
0.159846201552514,-0.0615596965093986,-0.080984108046292,0.0128660177213631,-0.0174966733295157
0.1721420632104,-0.0482242926691745,-0.0680246087947762,0.0163732107710195,-0.0161027646247425
0.184437924868285,-0.0337886350152492,-0.0538898848122459,0.0200555735211855,-0.0141652499442528
0.196733786526171,-0.0184737094952644,-0.0387964953408706,0.023895955778895,-0.0116834027756082
0.209029648184057,-0.00251921387026888,-0.022981228044069,0.0278778861759728,-0.0086642930681995
0.221325509841942,0.0138200344009909,-0.0066975976032011,0.0319859123559908,-0.00512295235079331
0.233621371499828,0.0302779452837095,0.0097879353056183,0.0362059186051811,-0.00108244202417607
0.245917233157714,0.0465812001552608,0.0261999677655896,0.0405254166868695,0.0034261784713223
0.258213094815599,0.0624534315949318,0.0422583208922782,0.0449338062104609,0.0083639858926248
0.270508956473485,0.077619475931995,0.057682306024446,0.0494226014857753,0.0136844310563981
0.282804818131371,0.091809634506192,0.0721950268096713,0.0539856224701835,0.0193336804637479
0.295100679789256,0.104763879579541,0.0855276527262609,0.058619148097581,0.0252510607217502
0.307396541447142,0.116235941807824,0.0974236001372078,0.0633220309725468,0.031369603687722
0.319692403105028,0.125997218115799,0.107642558504007,0.068095773107767,0.0376166891567947
0.331988264762914,0.13384044168892,0.115964301871007,0.0729445630657741,0.0439147808216606
0.344284126420799,0.139583059548383,0.122192229122912,0.0778752755254075,0.050182250165429
0.356579988078685,0.143070267754486,0.126156580763364,0.0828974349177928,0.0563342819144059
0.368875849736571,0.144177659611614,0.127717284992554,0.0880231453554429,0.0622838536870347
0.381171711394456,0.142813448241358,0.1267663915957,0.0932669896015333,0.0679427815376896
0.393467573052342,0.138920231452949,0.123230058500724,0.0986459002857875,0.0732228222186301
0.405763434710228,0.132476273868362,0.117070062721878,0.104179006961182,0.0780368221788624
0.418059296368113,0.12349628864221,0.10828481466821,0.109887462905622,0.0822999025931486
0.430355158025999,0.11203170873798,0.0969098623474797,0.115794255799975,0.0859306690755643
0.442651019683885,0.0981704454626722,0.083017879719108,0.121924006555108,0.0888524341869314
0.45494688134177,0.0820361397008574,0.0667181412235176,0.128302760613926,0.0909944404005081
0.467242742999656,0.0637869189059207,0.04815549221878,0.134957776019708,0.0922930708512145
0.479538604657542,0.043613680282846,0.0275088325694717,0.141917312420533,0.0926930349653342
0.491834466315427,0.0217379276192093,0.00498913784100605,0.149210424974119,0.0921485159542257
0.504130327973313,-0.00159080421891884,-0.0191629506554405,0.156866766832362,0.0906242671603911
0.516426189631199,-0.0260978971121854,-0.0446799294508772,0.164916403526003,0.088096644369715
0.528722051289085,-0.0514869244771252,-0.0712705869673261,0.173389642144195,0.0845545614513245
0.54101791294697,-0.0774432030537712,-0.0986234599014452,0.182316877719698,0.0800003570569165
0.553313774604856,-0.103637567921605,-0.12641053963839,0.191728458697262,0.074450560604123
0.565609636262742,-0.129730314029006,-0.154291173050185,0.201654572790769,0.0679365463821918
0.577905497920627,-0.155375245478863,-0.181916099577473,0.212125153934918,0.0605050653505115
0.590201359578513,-0.180223772700671,-0.208931564958046,0.223169810421189,0.0522186450479083
0.602497221236399,-0.203928997470673,-0.234983451369819,0.234817773687454,0.0431558489887107
0.614793082894284,-0.226149726514499,-0.259721364104607,0.247097866617994,0.0334113879848441
0.62708894455217,-0.246554356124935,-0.282802616172094,0.260038489617854,0.0230960769951685
0.639384806210056,-0.264824572819609,-0.303896054425889,0.273667622164258,0.0123366323563651
0.651680667867941,-0.280658818504277,-0.322685673866311,0.288012837019464,0.00127530558542813
0.663976529525827,-0.293775472838527,-0.338873970654812,0.30310132382476,-0.00993064864726662
0.676272391183713,-0.303915710450951,-0.352184989006865,0.318959918394066,-0.021109671303658
0.688568252841599,-0.310845996238079,-0.362367022436588,0.335615133696703,-0.0320767639285757
0.700864114499484,-0.314360188113412,-0.369194935719235,0.353093188269989,-0.0426345176086722
0.71315997615737,-0.314281223149039,-0.372472080320043,0.371420027639845,-0.0525743021938821
0.725455837815256,-0.310462369965305,-0.372031782805329,0.390621334256411,-0.0616776104331508
0.737751699473141,-0.302788037360922,-0.367738392793617,0.41072252147539,-0.0697175500746339
0.750047561131027,-0.291174136421174,-0.359487884206656,0.431748707236025,-0.0764604753944526
0.762343422788913,-0.275568000577662,-0.347208010825361,0.453724663303779,-0.0816677480623025
0.774639284446798,-0.255947875202562,-0.330858024327064,0.476674736258176,-0.0850976157418655
0.786935146104684,-0.232321995188631,-0.310427969961917,0.500622736810863,-0.0865071953743494
0.79923100776257,-0.20472727548242,-0.285937581705456,0.525591794530993,-0.0856545467198005
0.811526869420455,-0.173227645597379,-0.257434804993729,0.551604175628015,-0.0823008204481805
0.823822731078341,-0.137912064638291,-0.224993980906262,0.578681062088206,-0.0762124638953353
0.836118592736227,-0.0988922582302909,-0.188713730818185,0.606842291171312,-0.0671634665422477
0.848414454394112,-0.0563002228866236,-0.148714585013628,0.636106055037194,-0.0549376263529879
0.860710316051998,-0.010285546702994,-0.105136402466603,0.666488561077555,-0.0393308173305231
0.873006177709884,0.0389874022206152,-0.058135631894113,0.698003654362222,-0.0201532380319698
0.88530203936777,0.091342366597416,-0.00788246622327797,0.730662404459668,0.00276837966317517
0.897597901025655,0.146594116251151,0.0454420562418617,0.764472659743692,0.0295886225071248
0.909893762683541,0.204551336324828,0.101648950434859,0.799438573138023,0.0604413296169302
0.922189624341426,0.265019434936558,0.160544130083382,0.835560104064011,0.0954376289306733
0.934485485999312,0.327803219816719,0.221931148948811,0.872832502129008,0.134664097018854
0.946781347657198,0.392709396320214,0.285613788944099,0.91124577881074,0.178181062368804
0.959077209315084,0.459548842880747,0.351398449611668,0.950784174042613,0.226021071541848
0.971373070972969,0.528138624400076,0.419096297507441,0.991425625173716,0.278187536681608
0.983668932630855,0.598303709170993,0.488525138811409,1.03314124625384,0.334653581729957
0.995964794288741,0.669878360634119,0.559510983890422,1.07589482596755,0.395361103389445
1.00826065594663,0.742707181471061,0.631889278485144,1.11964235280315,0.46022006136429
1.02055651760451,0.816645794137676,0.705505782581893,1.16433157618467,0.529108010725407
1.0328523792624,0.891561148831446,0.780217084754984,1.20990161231195,0.601869887389382
1.04514824092028,0.96733145695196,0.855890746714316,1.25628260334094,0.678318055690086
1.05744410257817,1.04384575523534,0.932405079850286,1.30339543829172,0.758232624869859
1.06973996423605,1.12100311280308,1.00964856261552,1.35115154369452,0.841362039042062
1.08203582589394,1.19871150024465,1.08751891450189,1.39945275147622,0.927423942797132
1.09433168755183,1.2768863464347,1.16592184904515,1.44819125095427,1.01610632216073
1.10662754920971,1.35544881495882,1.24476953460483,1.49724963104841,1.10706891808703
1.1189234108676,1.43432383767962,1.32397879751563,1.54650101794859,1.19994490710641
1.13121927252548,1.51343794801999,1.40346910748823,1.59580931250104,1.29434284116858
1.14351513418337,1.59271696088454,1.48316038975847,1.64502953050326,1.38984883615566
1.15581099584125,1.67208354970447,1.56297071236428,1.69400824794566,1.48602899601012
1.16810685749914,1.75145477381117,1.64281389999709,1.74258415201664,1.58243205695668
1.18040271915703,1.83073961116653,1.72259712807244,1.79058869741414,1.67859223392111
1.19269858081491,1.90983655236528,1.80221855194855,1.83784686619605,1.7740322489889
1.2049944424728,1.98863131175323,1.88156502656258,1.88417802807203,1.86826651962879
1.21729030413068,2.0669947104676,1.96050997113739,1.92939689670687,1.96080448245423
1.22958616578857,2.14478078420774,2.03891143203825,1.97331457628953,2.05115402653478
1.24188202744645,2.22182516561128,2.11661039434555,2.01573969133962,2.13882500872089
1.25417788910434,2.29794378727826,2.19342938928704,2.05647959149273,2.22333282213029
1.26647375076223,2.37293194680902,2.26917144038933,2.09534162184521,2.30420198788134
1.27876961242011,2.44656376976501,2.34361938612305,2.13213444836415,2.38096973936414
1.291065474078,2.51859210030767,2.41653561100331,2.16666942689581,2.45318956782882
1.30336133573588,2.5887488425082,2.48766221065444,2.19876200345035,2.52043469785234
1.31565719739377,2.65674576805473,2.55672160935107,2.22823313271542,2.58230146133049
1.32795305905165,2.72227579842261,2.62341764111479,2.25491070116889,2.63841253903427
1.34024892070954,2.78501476163758,2.68743709769099,2.27863094073023,2.68842003947315
1.35254478236743,2.8446236156737,2.74845173877514,2.29923981862147,2.73200838581985
1.36484064402531,2.90075112241602,2.8061207518269,2.31659438900566,2.76889698296857
1.3771365056832,2.95303694811053,2.86009364083243,2.33056409204005,2.79884263841276
1.38943236734108,3.00111515845005,2.91001351557686,2.34103198622305,2.8216417125286
1.40172822899897,3.04461806903057,2.9555207454982,2.34789590032837,2.83713197602233
1.41402409065685,3.08318040497943,2.99625693513295,2.35106949180467,2.84519415472514
1.42631995231474,3.11644371722173,3.03186917164987,2.35048319926839,2.84575314457785
1.43861581397263,3.14406099722,3.06201448911296,2.34608507762553,2.83877888251621
1.45091167563051,3.16570142719381,3.08636448901678,2.33784150541412,2.82428686201861
1.4632075372884,3.18105519888654,3.10461005238969,2.32573775515334,2.80233828528355
1.47550339894628,3.1898383309682,3.11646607543862,2.30977841880305,2.77303984733303
1.48779926060417,3.19179741320751,3.12167615837998,2.28998768186512,2.73654315075629
1.50009512226205,3.18671420465591,3.12001717581272,2.266409441178,2.69304375328362
1.51239098391994,3.1744100132899,3.11130365677776,2.23910726305166,2.64277985387391
1.52468684557783,3.15474978586887,3.09539190353023,2.20816418004109,2.5860306264782
1.53698270723571,3.12764583917682,3.07218378002932,2.17368232634518,2.52311421406676
1.5492785688936,3.09306116730898,3.04163010421029,2.13578241352115,2.45438539884174
1.56157443055148,3.05101226419816,3.00373358221231,2.094603049905,2.38023296776721
1.57387029220937,3.00157140609764,2.95855122784743,2.05029990880179,2.3010767955944
1.58616615386725,2.9448683451777,2.90619621664548,2.0030447521386,2.21736467041214
1.59846201552514,2.88109137266684,2.84683913071994,1.95302431783498,2.12956888937442
1.61075787718303,2.81048771797957,2.78070855837837,1.90043908062301,2.03818265462163
1.62305373884091,2.73336325891026,2.70809102074339,1.8455018974232,1.94371630148913
1.6353496004988,2.65008152711711,2.62933020654098,1.78843654963523,1.84669339286292
1.64764546215668,2.56106200264362,2.54482550552807,1.72947619582034,1.74764671497459
1.65994132381457,2.4667777009912,2.45502984063747,1.66886174921936,1.64711421100842
1.67223718547245,2.36775206612513,2.36044680867879,1.60684019535581,1.54563488960772
1.68453304713034,2.26455519262493,2.26162714920665,1.54366286560773,1.44374474570509
1.69682890878822,2.15779940983423,2.15916457080983,1.47958368308557,1.34197273105422
1.70912477044611,2.04813427018331,2.05369097344492,1.41485739742278,1.24083681140902
1.721420632104,1.93624099270975,1.945871114396,1.34973782516679,1.14084014647905
1.73371649376188,1.82282642105722,1.83639677385275,1.28447611234914,1.04246742759618
1.74601235541977,1.70861656276275,1.72598048383705,1.21931903551837,0.94618140646629
1.75830821707765,1.594349783334,1.6153488911515,1.15450735703962,0.852419646466442
1.77060407873554,1.48076973436484,1.5052358310665,1.09027424980817,0.761591525701495
1.78289994039342,1.36861809964936,1.3963751935079,1.026843805699,0.67407551847727
1.79519580205131,1.25862724685306,1.28949366747368,0.9644296410906,0.590216779006915
1.8074916637092,1.15151287472472,1.18530345222848,0.903233611671962,0.510325048072902
1.81978752536708,1.04796674703842,1.08449502544811,0.843444647481201,0.434672900052198
1.83208338702497,0.948649604413981,0.987730058878786,0.785237717748087,0.36349434421246
1.84437924868285,0.854184343867418,0.895634571221989,0.728772933638858,0.296983790540658
1.85667511034074,0.765149553397809,0.808792405856422,0.674194795447993,0.235295386612266
1.86897097199862,0.682073485150978,0.727739117684561,0.621631589167831,0.178542728190665
1.88126683365651,0.60542854575693,0.652956348879313,0.571194935712893,0.126798942404782
1.8935626953144,0.535626376379212,0.584866767662217,0.52297949440201,0.0800971385313218
1.90585855697228,0.473013587917477,0.523829637539354,0.477062820628232,0.0384312176487079
1.91815441863017,0.417868208763431,0.470137076742649,0.433505375994547,0.00175702877542214
1.93045028028805,0.370396893631517,0.424011059073861,0.392350687582309,-0.030006144403248
1.94274614194594,0.33073293238952,0.385601198041404,0.353625651468463,-0.0569737854393672
1.95504200360382,0.298935087630954,0.354983346242423,0.317340974135261,-0.0792940579772774
1.96733786526171,0.274987279100471,0.332159031510177,0.283491744039315,-0.0971454547219679
1.9796337269196,0.258799122152075,0.317055740563461,0.252058124341405,-0.110734210236647
1.99192958857748,0.250207316339158,0.309528049909695,0.223006156658373,-0.120291507519968
2.00422545023537,0.248977869159551,0.309359592719352,0.196288664696243,-0.126070510204721
2.01652131189325,0.254809129062537,0.316265839460531,0.171846245769814,-0.128343253746827
2.02881717355114,0.267335591221023,0.329897659411872,0.149608337516856,-0.127397430119622
2.04111303520902,0.286132429429848,0.349845619909644,0.129494346580967,-0.123533101281374
2.05340889686691,0.310720697953251,0.375644970475294,0.111414825670385,-0.117059377036371
2.0657047585248,0.340573138345449,0.406781249950213,0.0952726852023427,-0.108291092858905
2.07800062018268,0.375120518332447,0.44269644656257,0.0809644257138569,-0.0975455227971855
2.09029648184057,0.413758422883076,0.482795633583293,0.0683813773573763,-0.0851391617273795
2.10259234349845,0.455854411711367,0.526453996997742,0.0574109330991786,-0.0713846099983161
2.11488820515634,0.500755452724549,0.573024166515261,0.0479377626928604,-0.0565875919108268
2.12718406681422,0.547795537428143,0.621843757333329,0.0398449951013299,-0.041044137532941
2.13947992847211,0.596303382072055,0.672243027422471,0.0330153577778575,-0.0250379550877057
2.15177579012999,0.645610117400648,0.723552553740402,0.0273322620780472,-0.0088380185928374
2.16407165178788,0.6950568702691,0.775110830739012,0.0226808250465188,0.00730360738734813
2.17636751344577,0.744002142102059,0.826271695796511,0.0189488188900003,0.0231536870621309
2.18866337510365,0.791828892174586,0.876411488772011,0.0160275405966187,0.0384994612244065
2.20095923676154,0.837951237946911,0.92493585670461,0.0138125953729492,0.0531500113499419
2.21325509841942,0.881820690123175,0.97128611970973,0.012204588828709,0.0669373312739714
2.22555096007731,0.922931846652716,1.01494512029065,0.01110972412645,0.0797171012859626
2.2378468217352,0.960827477457587,1.05544248549555,0.0104403016126798,0.091369163056918
2.25014268339308,0.995102940144054,1.0923592395072,0.0101151197402175,0.101797697364243
2.26243854505097,1.02540987621859,1.12533171323867,0.0100597773622937,0.110931110064138
2.27473440670885,1.05145914724865,1.15405470719514,0.0102068787106041,0.118721635138455
2.28703026836674,1.07302298084434,1.17828387411375,0.0104961435467995,0.125144666871584
2.29932613002462,1.08993630714135,1.19783729856247,0.0108744260852227,0.130197836254649
2.31162199168251,1.10209727748454,1.21259626161658,0.0112956473109758,0.133899849533079
2.3239178533404,1.1094669680904,1.22250518978088,0.0117206462497165,0.136289109376589
2.33621371499828,1.11206828244769,1.22757079833228,0.012116956573736,0.1374221414279
2.34850957665617,1.10998407694554,1.22786045006511,0.0124585156441836,0.137371850952491
2.36080543831405,1.1033545445454,1.22349976087884,0.0127253136849281,0.136225635944257
2.37310129997194,1.09237390109347,1.21466949360775,0.012902991254414,0.134083384323837
2.38539716162982,1.07728642796733,1.20160179081609,0.0129823935247603,0.13105538378446
2.39769302328771,1.05838193303793,1.18457580583972,0.0129590900909279,0.127260173386334
2.40998888494559,1.03599069929263,1.16391279902916,0.0128328691175794,0.122822366171318
2.42228474660348,1.01047799680524,1.13997077283335,0.0126072145895404,0.117870471866243
2.43458060826137,0.982238238970686,1.11313872496788,0.0122887752677044,0.112534748172035
2.44687646991925,0.951688867975325,1.08383060336186,0.0118868336714561,0.106945108207436
2.45917233157714,0.919264057298037,1.05247904981558,0.0114127830185317,0.101229110406115
2.47146819323502,0.885408320597726,1.01952902128709,0.010879619562398,0.0955100555739835
2.48376405489291,0.850570116625207,0.985431378438221,0.0103014571856199,0.0899052139232941
2.49605991655079,0.815195538804544,0.950636530505937,0.00969307044634917,0.0845242027391021
2.50835577820868,0.779722175883024,0.915588223739298,0.00906947154600432,0.0794675329327544
2.52065163986657,0.744573226589886,0.8807175575887,0.00844552590199717,0.0748253401299201
2.53294750152445,0.710151946629695,0.846437308604924,0.00783561018326091,0.0706763131635931
2.54524336318234,0.676836500640442,0.813136636668337,0.00725331581183241,0.0670868299336655
2.55753922484022,0.64497528505948,0.781176241808561,0.00671120006438422,0.0641103075937934
2.56983508649811,0.614882780265282,0.750884032590218,0.00622058603700748,0.061786770973999
2.58213094815599,0.5868359820166,0.722551358943581,0.00579141187784013,0.060142640084862
2.59442680981388,0.561071453219623,0.696429853533105,0.00543212885811007,0.059190734517126
2.60672267147177,0.537783027554198,0.672728916415054,0.00514964705483879,0.0589304895893295
2.61901853312965,0.517120186624681,0.651613867978088,0.00494932666913507,0.0593483762447483
2.63131439478754,0.499187122217079,0.633204785133787,0.00483501231282403,0.0604185139946535
2.64361025644542,0.484042485091421,0.617576025576681,0.00480910697235194,0.0621034636829277
2.65590611810331,0.471699811667041,0.604756434815741,0.00487268181027281,0.0643551845396322
2.66820197976119,0.462128610116552,0.594730220740291,0.00502561749770497,0.0671161379275883
2.68049784141908,0.455256077915816,0.587438470868697,0.00526677239113416,0.070320518392238
2.69279370307697,0.450969413939517,0.582781278277719,0.00559417257742237,0.0738955911228887
2.70508956473485,0.449118679874442,0.580620433656672,0.00600521861407523,0.0777631137409206
2.71738542639274,0.449520158164069,0.580782633096072,0.00649690368841436,0.0818408194611724
2.72968128805062,0.451960147005658,0.583063144216824,0.00706603790844674,0.0860439381356073
2.74197714970851,0.456199127188104,0.58722986717147,0.00770947351772466,0.0902867314880366
2.75427301136639,0.461976230863981,0.593027721987543,0.00842432599272611,0.0944840189850237
2.76656887302428,0.469013938754926,0.600183289743043,0.00920818622930641,0.0985526712563135
2.77886473468217,0.477022929841572,0.608409632217017,0.0100593193485416,0.10241304876907
2.79116059634005,0.485707006315698,0.617411212978686,0.0109768460445409,0.105990364560127
2.80345645799794,0.494768016483444,0.626888842383116,0.0119609028495004,0.109215951221626
2.81575231965582,0.503910699396728,0.636544569628627,0.0130127781954147,0.11202841399604
2.82804818131371,0.512847377229905,0.646086446881905,0.0141350216979524,0.114374653741399
2.84034404297159,0.521302424767536,0.65523309345428,0.0153315246659127,0.116210745647868
2.85263990462948,0.529016449767559,0.663717992063326,0.0166075704391294,0.117502661891397
2.86493576628737,0.535750123337147,0.671293454268094,0.0179698537681109,0.118226828865051
2.87723162794525,0.541287605716776,0.677734198139509,0.0194264690596641,0.118370512198139
2.88952748960314,0.54543951990893,0.682840488021476,0.0209868679139299,0.117932025420345
2.90182335126102,0.548045433297722,0.686440793743045,0.0226617869597645,0.116920760814477
2.91411921291891,0.54897581566085,0.688393934737065,0.0244631475477894,0.115357043688979
2.92641507457679,0.548133450644564,0.688590683077288,0.0264039293749417,0.113271813951598
2.93871093623468,0.545454286718696,0.686954808328397,0.0284980205830063,0.110706141441009
2.95100679789256,0.540907722711808,0.683443556172528,0.0307600472893141,0.107710583937485
2.96330265955045,0.534496332104062,0.678047561889246,0.0332051858644146,0.104344399092057
2.97559852120834,0.526255039186392,0.670790208782055,0.0358489615641562,0.100674623653703
2.98789438286622,0.516249768840634,0.661726450423393,0.0387070373482281,0.0967750353059642
3.00019024452411,0.504575599923065,0.650941123996196,0.0417949968712944,0.0927250141213064
3.01248610618199,0.491354459917256,0.638546789914479,0.0451281257147993,0.08860832207999
3.02478196783988,0.47673240554387,0.624681140186987,0.048721194937185,0.0845118202606271
3.03707782949776,0.460876540268608,0.609504024536204,0.0525882509584796,0.0805241441760961
3.04937369115565,0.443971625040862,0.593194149001101,0.0567424156642613,0.0767343582897497
3.06166955281354,0.426216443044337,0.575945506550184,0.0611957004169397,0.073230610995494
3.07396541447142,0.407819982681741,0.557963603041004,0.0659588374035447,0.0700988112787544
3.08626127612931,0.388997505399208,0.539461544627907,0.0710411314339764,0.0674213478952399
3.09855713778719,0.369966566249677,0.520656054402589,0.0764503349379628,0.0652758712168509
3.11085299944508,0.35094305528265,0.501763486630419,0.0821925484998288,0.0637341569096774
3.12314886110296,0.332137326932346,0.482995906415092,0.0882721488248668,0.0628610693423645
3.13544472276085,0.313750482576373,0.464557300997712,0.0946917455577287,0.0627136410928046
3.14774058441874,0.295970868388963,0.44663998620451,0.101452167880053,0.0633402831495819
3.16003644607662,0.278970846568977,0.429421267846503,0.108552481310109,0.0647801384175339
3.17233230773451,0.262903893051209,0.413060413207278,0.115990034620007,0.067062588962808
3.18462816939239,0.247902068992901,0.397695982209634,0.123760536284724,0.0702069251035724
3.19692403105028,0.234073906761032,0.383443561518882,0.131858159389862,0.074222182001185
3.20921989270816,0.221502743937576,0.37039393782416,0.140275673459831,0.0791071468687898
3.22151575436605,0.210245531126616,0.358611738953073,0.149004601232332,0.0848505373261391
3.23381161602394,0.200332131214391,0.348134563442339,0.158035398005498,0.0914313488281958
3.24610747768182,0.191765119332724,0.338972610837916,0.167357650827004,0.09881936651807
3.25840333933971,0.184520084243449,0.331108816466982,0.176960294485182,0.106975834339099
3.27069920099759,0.178546423334018,0.324499485848699,0.186831841005036,0.115854271822303
3.28299506265548,0.173768615030152,0.319075415429097,0.196960619150823,0.125401426679154
3.29529092431336,0.170087944325224,0.314743478074378,0.207335020293731,0.135558349208103
3.30758678597125,0.167384649428795,0.311388643869265,0.217943746919886,0.146261572597479
3.31988264762914,0.165520450372834,0.308876399370107,0.22877606003091,0.157444381504998
3.33217850928702,0.164341413899351,0.30705552167577,0.239822021725794,0.169038149839885
3.34447437094491,0.163681103193098,0.305761157612562,0.25107272934769,0.180973727488906
3.35677023260279,0.163363956111644,0.304818153081544,0.262520537729536,0.193182854829909
3.36906609426068,0.163208831582453,0.304044573272738,0.274159266275066,0.205599583279287
3.38136195591856,0.163032660848747,0.303255351082764,0.285984387862195,0.21816167983247
3.39365781757645,0.162654138302682,0.302265998736277,0.297993196849321,0.230811993584203
3.40595367923434,0.161897385779356,0.300896316346916,0.310184953795723,0.243499762558406
3.41824954089222,0.160595524414803,0.298974030983342,0.322561004869088,0.256181839832368
3.43054540255011,0.158594089494826,0.296338300735953,0.335124874299383,0.268823818898498
3.44284126420799,0.155754226120616,0.292843020297879,0.347882328641981,0.281401039456639
3.45513712586588,0.151955606956935,0.288359867651298,0.36084141202697,0.29389945635468
3.46743298752376,0.14709901775671,0.282781035540414,0.374012451988696,0.306316356174454
3.47972884918165,0.1411085617049,0.276021596453911,0.387408035882757,0.318660907970022
3.49202471083954,0.133933439811937,0.268021455754868,0.401042958299884,0.330954536879346
3.50432057249742,0.125549271516515,0.258746854293255,0.414934140270801,0.343231111718028
3.51661643415531,0.115958927221466,0.248191389211591,0.429100521417104,0.355536940193118
3.52891229581319,0.105192852565679,0.236376529592289,0.443562926534772,0.367930568011288
3.54120815747108,0.0933088727029856,0.223351611971677,0.45834390839406,0.380482380863431
3.55350401912896,0.080391473581141,0.209193309427987,0.473467568797994,0.393274011009646
3.56579988078685,0.066550566052597,0.194004576801968,0.488959360157935,0.40639755292751
3.57809574244473,0.0519197474623485,0.177913083487952,0.504845870016014,0.419954595184717
3.59039160410262,0.036654084005736,0.161069153998719,0.521154591068917,0.434055078317829
3.60268746576051,0.0209274454914481,0.143643245018536,0.537913679324605,0.448815991005925
3.61498332741839,0.00492943204664865,0.125822995777758,0.555151703053139,0.464359919186821
3.62727918907628,-0.0111380603665186,0.107809896177544,0.572897385175728,0.480813464941782
3.63957505073416,-0.0270645821119955,0.0898156240397993,0.59117934167439,0.498305553942126
3.65187091239205,-0.0426351203663956,0.0720581090406139,0.610025818500662,0.516965651980318
3.66416677404994,-0.0576342736379692,0.0547573862011428,0.629464429319316,0.536921912575285
3.67646263570782,-0.0718505420687224,0.0381313061674088,0.649521896245953,0.558299278825568
3.68875849736571,-0.0850806623698952,0.0223911728333602,0.670223795530661,0.581217563568346
3.70105435902359,-0.0971339144504489,0.00773738108881621,0.69159430990883,0.605789532473874
3.71335022068148,-0.107836326155124,-0.00564487143843694,0.713655989090536,0.632119014955278
3.72564608233936,-0.117034703053009,-0.017589724855979,0.736429519597796,0.66029906769839
3.73794194399725,-0.124600411911327,-0.0279545771592674,0.759933504890537,0.690410215215342
3.75023780565513,-0.1304328493362,-0.0366237139472488,0.784184256454012,0.722518791103518
3.76253366731302,-0.134462531028369,-0.0435115811438447,0.80919559625858,0.756675402656689
3.77482952897091,-0.136653742135673,-0.0485656388204491,0.834978670753768,0.792913540140628
3.78712539062879,-0.137006695217066,-0.0517687398981349,0.861541776327886,0.831248350427909
3.79942125228668,-0.13555914928075,-0.0531409841443802,0.888890195957915,0.871675592806846
3.81171711394456,-0.132387451122839,-0.0527410053741256,0.917026046596614,0.914170792661178
3.82401297560245,-0.127606968660381,-0.0506666580109504,0.945948136699383,0.958688606387875
3.83630883726033,-0.121371895000072,-0.0470550780414317,0.975651833185675,1.00516240841001
3.84860469891822,-0.113874411477841,-0.0420821027737431,1.00612893706182,1.05350410848249
3.86090056057611,-0.105343207703285,-0.0359610435510796,1.03736756690571,1.1036042047149
3.87319642223399,-0.0960413665999309,-0.0289408155263279,1.06935204943021,1.15533207488359
3.88549228389188,-0.086263632396401,-0.0213034386260414,1.10206281640119,1.20853650571118
3.89778814554976,-0.0763330893435887,-0.0133609337676764,1.13547630728749,1.26304645689323
3.91008400720765,-0.0665972884575873,-0.00545164809185711,1.16956487716139,1.31867205378609
3.92237986886553,-0.0574238686703879,0.00206394771800983,1.2042967095475,1.37520579987409
3.93467573052342,-0.0491957272680308,0.00880793817814322,1.23963573413079,1.43242399744359
3.94697159218131,-0.0423058022753069,0.0143900578495741,1.27554154947734,1.49008836234071
3.95926745383919,-0.0371515363824336,0.018413135017137,1.31196935118832,1.54794781631143
3.97156331549708,-0.0341290979903581,0.0204788105396633,1.3488698661934,1.6057404382467
3.98385917715496,-0.0336274398779708,0.0201934528364778,1.38618929418715,1.66319555370965
3.99615503881285,-0.0360222797827366,0.0171741857144442,1.42386925751483,1.72003594043031
4.00845090047073,-0.0416700897684619,0.0110549426647634,1.46184676111425,1.77598012603713
4.02074676212862,-0.0509021825798257,0.00149245942688924,1.50005416441111,1.83074475317122
4.03304262378651,-0.0640189832213162,-0.0118278839327921,1.53841916733827,1.88404698631156
4.04533848544439,-0.0812845727354099,-0.0291864594270278,1.57686481289773,1.93560693413803
4.05763434710228,-0.102921588597501,-0.0508241119813891,1.61530950889981,1.98515006107785
4.06993020876016,-0.129106562319046,-0.076937287296487,1.65366707169033,2.03240956182254
4.08222607041805,-0.15996576979993,-0.107673644749214,1.69184679480684,2.07712867306229
4.09452193207593,-0.195571663759498,-0.143128227561246,1.72975354558316,2.11906289745717
4.10681779373382,-0.235939950283246,-0.183340255562373,1.76728789274234,2.15798211593688
4.1191136553917,-0.28102736324603,-0.228290597948555,1.80434626797736,2.19367256577958
4.13140951704959,-0.330730181225071,-0.277899974586528,1.84082116441292,2.22593866354592
4.14370537870748,-0.384883521622424,-0.332027924769101,1.87660137466812,2.25460465381517
4.15600124036536,-0.443261436214759,-0.390472572011828,1.91157227099757,2.27951606676178
4.16829710202325,-0.50557782138518,-0.452971202646026,1.94561612967704,2.30054096989422
4.18059296368113,-0.571488145022778,-0.51920166475855,1.97861250142088,2.31757100172479
4.19288882533902,-0.640591980660621,-0.588784582613526,2.01043862917361,2.3305221777161
4.2051846869969,-0.712436328025984,-0.661286370229189,2.04096991411217,2.33933546152518
4.21748054865479,-0.786519687961416,-0.736223016438048,2.07008043013137,2.34397709730407
4.22977641031268,-0.862296848805174,-0.813064602695639,2.09764348647105,2.34443870158241
4.24207227197056,-0.939184330952526,-0.891240504282389,2.12353223748501,2.34073711601761
4.25436813362845,-1.01656642660772,-0.97014521552008,2.14762033785757,2.33291402501686
4.26666399528633,-1.09380176282416,-1.04914473034738,2.16978264085299,2.32103534487941
4.27895985694422,-1.17023030794926,-1.12758340120411,2.18989593644523,2.30519039364413
4.29125571860211,-1.24518073466189,-1.20479119178916,2.20783972543201,2.28549085322563
4.30355158025999,-1.31797804701846,-1.28009123299128,2.22349702489809,2.26206953765419
4.31584744191788,-1.38795137439911,-1.3528075862443,2.2367551996704,2.23507898327283
4.32814330357576,-1.45444183203909,-1.42227311480572,2.2475068137134,2.20468987856671
4.34043916523365,-1.51681034599606,-1.4878373610621,2.25565049475864,2.17108935288456
4.35273502689153,-1.57444533997556,-1.54887432696766,2.26109180485965,2.13447914464205
4.36503088854942,-1.62677018242756,-1.60479005514581,2.26374410902282,2.09507367065881
4.37732675020731,-1.67325029473117,-1.65502991002862,2.26352943359861,2.05309801906495
4.38962261186519,-1.713399825075,-1.69908546165795,2.26037930573363,2.00878588871201
4.40191847352308,-1.74678779777094,-1.73650087938487,2.25423556489385,1.96237749823543
4.41421433518096,-1.77304365414322,-1.76687874862297,2.24505113727917,1.91411748784185
4.42651019683885,-1.79186210872855,-1.78988523095894,2.23279076386729,1.86425283653933
4.43880605849673,-1.80300725320486,-1.8052544962046,2.21743167285645,1.81303081690135
4.45110192015462,-1.80631585011872,-1.81279236427797,2.19896418742467,1.76069700856686
4.46339778181251,-1.8016997689728,-1.81237910499909,2.17739225999276,1.70749339054491
4.47569364347039,-1.78914752842181,-1.80397135484133,2.15273392456795,1.65365653103132
4.48798950512828,-1.76872492005255,-1.78760312123814,2.12502165925603,1.5994158918772
4.50028536678616,-1.74057470133038,-1.76338585705077,2.09430265165856,1.54499226309872
4.51258122844405,-1.7049153576115,-1.73150760008687,2.06063896061494,1.49059634090916
4.52487709010193,-1.66203894547673,-1.69223118495263,2.02410756860018,1.43642746071564
4.53717295175982,-1.61230804186612,-1.64589154685008,1.98480032004166,1.38267249438229
4.5494688134177,-1.55615183541332,-1.59289214902331,1.94282374186191,1.3295049188483
4.56176467507559,-1.49406140782836,-1.53370057724497,1.89829874367976,1.2770840609331
4.57406053673348,-1.42658426399593,-1.46884335585282,1.85136019629668,1.2255545208928
4.58635639839136,-1.35431817949278,-1.39890005024046,1.80215638834551,1.1750457750397
4.59865226004925,-1.27790444334161,-1.3244967302304,1.75084836227114,1.12567195553216
4.61094812170713,-1.19802058188126,-1.24629887727892,1.69760913213148,1.0775318033103
4.62324398336502,-1.11537265653232,-1.16500382585959,1.64262278703599,1.03070878812271
4.6355398450229,-1.03068723387604,-1.08133283554477,1.58608348536267,0.985271387684484
4.64783570668079,-0.944703130763609,-0.996022895162842,1.52819434619443,0.941273516249814
4.66013156833868,-0.858163040074051,-0.909818363888149,1.46916624567702,0.898755091294563
4.67242742999656,-0.77180514419926,-0.823462556170355,1.40921652720442,0.857742725601759
4.68472329165445,-0.686354823337577,-0.737689378003639,1.34856763546965,0.818250530842731
4.69701915331233,-0.602516564220569,-0.653215121165032,1.28744568546154,0.780281017758651
4.70931501497022,-0.52096617200512,-0.570730519729988,1.22607897842794,0.743826077282074
4.7216108766281,-0.442343383774219,-0.490893169433717,1.1646964776477,0.708868026399981
4.73390673828599,-0.367244976468432,-0.414320405344936,1.10352625754631,0.675380702252689
4.74620259994388,-0.296218455194196,-0.341582726925224,1.04279394024142,0.643330587884867
4.75849846160176,-0.229756399823892,-0.273197851954651,0.982721134004967,0.612677953212981
4.77079432325965,-0.168291538729811,-0.20962547212027,0.92352388837137,0.583377995140385
4.78309018491753,-0.11219260850769,-0.151262773411115,0.865411180699247,0.555381961327519
4.79538604657542,-0.0617610477878711,-0.0984407739793511,0.808583448904901,0.528638242897885
4.8076819082333,-0.0172285618537464,-0.0514215209588398,0.753231184826092,0.503093422315498
4.81997776989119,0.0212444170498922,-0.0103961760388418,0.699533602246706,0.478693263789718
4.83227363154908,0.0535693609667983,0.0245159924650034,0.647657393017498,0.455383634829018
4.84456949320696,0.0797293685384273,0.0532677055470911,0.597755583951754,0.433111348956159
4.85686535486485,0.0997779900776861,0.0758828642280641,0.549966506262681,0.411824921090736
4.86916121652273,0.113837179096949,0.0924548539388865,0.504412888252318,0.391475228678489
4.88145707818062,0.122094405578617,0.103143993256961,0.46120108076905,0.372016073275746
4.8937529398385,0.124798977327364,0.108174168989964,0.42042042363666,0.353404638958173
4.90604880149639,0.122257626094633,0.107828710274397,0.382142759835738,0.335601845591022
4.91834466315427,0.114829424675073,0.102445564239522,0.346422102704819,0.318572596649715
4.93064052481216,0.102920109712241,0.0924118447485561,0.313294459841104,0.302285922891603
4.94293638647005,0.0869758924012496,0.0781578336460385,0.282777815737276,0.286715024729753
4.95523224812793,0.0674768455398794,0.0601505207069048,0.254872273511541,0.27183721762696
4.96752810978582,0.0449299603746009,0.038886774009611,0.229560354392256,0.25763378619326
4.9798239714437,0.0198619703502957,0.0148862366711554,0.206807451927032,0.244089753915642
4.99211983310159,-0.00718795884238371,-0.0113159512663589,0.186562436219283,0.231193576558777
5.00441569475948,-0.0356755726447086,-0.0391765055526422,0.16875840187339,0.218936768237128
5.01671155641736,-0.0650588046783103,-0.0681513247584388,0.153313551772775,0.207313469960817
5.02900741807525,-0.0948048896237517,-0.0977026926812377,0.140132207342518,0.196319971091699
5.04130327973313,-0.124397217357532,-0.127306259920953,0.129105934578049,0.185954194606201
5.05359914139102,-0.153341838345569,-0.156457712475511,0.120114773870837,0.176215157344445
5.0658950030489,-0.181173536088099,-0.184679040523377,0.113028560546878,0.167102416530347
5.07819086470679,-0.207461389345371,-0.211524327054855,0.107708322067873,0.15861551377655
5.09048672636467,-0.231813754838774,-0.236584983585843,0.104007737040738,0.150753427545748
5.10278258802256,-0.253882609997936,-0.259494368721808,0.101774640548667,0.143514044633089
5.11507844968045,-0.273367204977831,-0.279931734707629,0.100852559864386,0.136893660671783
5.12737431133833,-0.290016983457752,-0.297625457161156,0.101082264339473,0.13088651895737
5.13967017299622,-0.303633742504336,-0.312355513795862,0.102303313186022,0.125484396048168
5.1519660346541,-0.314073012875779,-0.323955188935048,0.104355584979699,0.120676241645263
5.16426189631199,-0.321244652402485,-0.332311991846078,0.107080773015016,0.116447879201235
5.17655775796987,-0.325112656337471,-0.337367788215098,0.110323831130731,0.112781772570181
5.18885361962776,-0.325694199665883,-0.339118155277672,0.113934355289551,0.109656862810955
5.20114948128565,-0.323057937138278,-0.337610982058224,0.117767887033495,0.107048478009909
5.21344534294353,-0.317321597093628,-0.332944346695121,0.121687125933679,0.104928317718376
5.22574120460142,-0.308648914820268,-0.325263712790044,0.125563039298491,0.103264512323061
5.2380370662593,-0.297245960130596,-0.314758495979911,0.129275858682459,0.102021756403818
5.25033292791719,-0.28335692187489,-0.3016580603585,0.132715954133664,0.101161513901932
5.26262878957507,-0.267259419181226,-0.286227211857469,0.135784578612376,0.100642291740738
5.27492465123296,-0.249259415187196,-0.268761262131151,0.138394476589084,0.100419977426816
5.28722051289085,-0.229685813846719,-0.249580741791432,0.140470352466154,0.100448235129466
5.29951637454873,-0.208884823990873,-0.229025845939943,0.141949196143447,0.100678953803416
5.31181223620662,-0.187214177152566,-0.207450697794602,0.142780464743304,0.101062740097469
5.3241080978645,-0.165037286707682,-0.185217517775026,0.142926121202941,0.1015494480909
5.33640395952239,-0.142717435634939,-0.162690785683868,0.14236053211154,0.102088737329209
5.34869982118027,-0.120612078667905,-0.14023148260574,0.141070228794148,0.10263065019801
5.36099568283816,-0.0990673418382784,-0.11819149686752,0.139053537204941,0.103126199383589
5.37329154449605,-0.0784127984408619,-0.0969082749076239,0.136320083669117,0.103527956023604
5.38558740615393,-0.0589565953563541,-0.0766997932490049,0.132890184887738,0.103790629152121
5.39788326781182,-0.0409809975325091,-0.0578599220395784,0.128794131876404,0.103871627188229
5.4101791294697,-0.024738411347082,-0.0406542439082405,0.124071378631923,0.103731592503116
5.42247499112759,-0.0104479396697642,-0.0253163842922751,0.118769647297758,0.103334900521143
5.43477085278547,0.00170748717058135,-0.0120449010427578,0.112943962417847,0.102650115358492
5.44706671444336,0.0115833694889632,-0.00100077213881941,0.106655627520327,0.101650394669146
5.45936257610125,0.019075260004584,0.00769448912190301,0.0999711577508773,0.1003138371412
5.47165843775913,0.024119733739807,0.0139600718957448,0.0929611825753416,0.0986237669545989
5.48395429941702,0.0266947005662889,0.0177564489676501,0.0856993326908605,0.0965689504606113
5.4962501610749,0.0268190649158931,0.0190853018100143,0.078261125224126,0.0941437413589618
5.50854602273279,0.0245517470157086,0.0179887999431032,0.0707228610572969,0.0913481517153445
5.52084188439067,0.0199900895342201,0.0145482546937327,0.0631605477114012,0.0881878472636358
5.53313774604856,0.0132676825998504,0.00888217672998164,0.0556488606410234,0.0846740665575187
5.54543360770645,0.00455164864036602,0.00114377549571859,0.0482601550619759,0.0808234646586472
5.55772946936433,-0.0059605637302595,-0.0084820532469002,0.041063539556831,0.0766578831567321
5.57002533102222,-0.0180448205936576,-0.0197821982526304,0.034124021694816,0.072204049395055
5.5823211926801,-0.0314543161555845,-0.0325192020676475,0.0275017347774386,0.0674932088074144
5.59461705433799,-0.0459238914636394,-0.0464354633524848,0.0212512535955164,0.0625606952450097
5.60691291599587,-0.0611745871924968,-0.061257702456919,0.0154210057744609,0.0574454450704043
5.61920877765376,-0.0769183564329448,-0.0767016171492001,0.0100527839110973,0.0521894616084074
5.63150463931164,-0.0928628617359016,-0.092476653247216,0.00518136228600536,0.046837237259177
5.64380050096953,-0.10871628015087,-0.108290813914353,0.000834220489857568,0.0414351411875441
5.65609636262742,-0.124192040658288,-0.123855431573444,-0.00296862514985628,0.0360307809966919
5.6683922242853,-0.139013420208694,-0.138889827747148,-0.00621468289452039,0.0306723471672514
5.68068808594319,-0.152917927511242,-0.153125788621899,-0.00889894163237233,0.0254079492905341
5.69298394760107,-0.165661407707765,-0.166311787709735,-0.0110237249451927,0.0202849532438445
5.70527980925896,-0.17702180605683,-0.178216891584477,-0.0125984478085119,0.015349328445987
5.71757567091684,-0.186802534651753,-0.188634290218345,-0.0136392817338909,0.0106450141930985
5.72987153257473,-0.194835392910746,-0.197384399850572,-0.0141687352658542,0.0062133138111976
5.74216739423262,-0.20098299999717,-0.204317493476279,-0.0142151577367593,0.00209232497727904
5.7544632558905,-0.205140705335217,-0.209315821837557,-0.0138121750484236,-0.00168358593922068
5.76675911754839,-0.207237951853716,-0.212295196104624,-0.0129980669797276,-0.00508425826996465
5.77905497920627,-0.207239075385592,-0.213206012122815,-0.0118150961066641,-0.00808415363760332
5.79135084086416,-0.205143532635125,-0.21203370503455,-0.0103087988595372,-0.0106627089975006
5.80364670252204,-0.200985559160239,-0.208798632125406,-0.00852724952739173,-0.0128046212577601
5.81594256417993,-0.194833267763451,-0.203555390750519,-0.00652030815081465,-0.0145000595397618
5.82823842583782,-0.186787206405316,-0.196391587032849,-0.00433886322144738,-0.015744802128417
5.8405342874957,-0.176978403115665,-0.187426079553781,-0.00203407993273586,-0.016540296186363
5.85283014915359,-0.16556593325367,-0.176806730349252,0.0003433355936065,-0.0168936393550144
5.86512601081147,-0.152734051739556,-0.164707703059132,0.00274384614042109,-0.0168174834235538
5.87742187246936,-0.138688939439745,-0.15132635494082,0.00511975791236862,-0.0163298613004954
5.88971773412724,-0.123655118636592,-0.136879775548307,0.00742585107325987,-0.0154539395570696
5.90201359578513,-0.107871597369404,-0.12160103010534,0.00961995845779405,-0.0142176998139294
5.91430945744302,-0.0915878063251269,-0.105735169890208,0.0116634855257044,-0.0126535531992532
5.9266053191009,-0.075059394830564,-0.0895350752390522,0.0135218656203202,-0.0107978930048943
5.93890118075879,-0.0585439543138346,-0.0732571990187863,0.0151649456524582,-0.00869059149625698
5.95119704241667,-0.0422967383395075,-0.0571572795913189,0.0165672984381252,-0.0063744475805344
5.96349290407456,-0.0265664479729942,-0.0414860923746428,0.0177084590580805,-0.00389459269746246
5.97578876573244,-0.0115911498071524,-0.0264853081085717,0.0185730837620053,-0.00129786285865687
5.98808462739033,0.00240560848496399,-0.012383523874248,0.0191510310928814,0.00136785478079001
6.00038048904822,0.0152184236794473,0.00060747016607049,0.0194373660417332,0.00405429208706356
6.0126763507061,0.0266633466364622,0.0122961293948982,0.0194322891428306,0.0067134778830973
6.02497221236399,0.0365808243512658,0.0225142447736116,0.0191409934696134,0.00929841457128986
6.03726807402187,0.0448382288024109,0.0311196361047492,0.0185734534774043,0.0117637443590117
6.04956393567976,0.0513319337358335,0.0379984068488325,0.0177441505472174,0.0140663961181357
6.06185979733764,0.0559889078594005,0.0430667259521484,0.0166717409037092,0.0161662041400678
6.07415565899553,0.058767800719947,0.0462721097822421,0.0153786722990789,0.0180264903890204
6.08645152065342,0.0596595056712599,0.0475941852980624,0.0138907564646823,0.0196146023041074
6.0987473823113,0.058687192688115,0.0470449238745055,0.0122367048262314,0.0209023987488093
6.11104324396919,0.0559058122084363,0.0446683436272927,0.0104476353513724,0.0218666773476197
6.12333910562707,0.0514010795613292,0.0405396865119546,0.00855655864688552,0.0224895371758003
6.13563496728496,0.0452879577327087,0.0347640847687807,0.0065978515451227,0.0227586715697362
6.14793082894284,0.0377086641069366,0.0274747393265839,0.0046067264161668,0.0226675866928628
6.16022669060073,0.0288302342793608,0.0188306404365671,0.00261870431569854,0.0222157424140378
6.17252255225862,0.018841682948155,0.00901386796738955,0.000669099832963831,0.0214086130210155
6.1848184139165,0.00795080815772188,-0.00177348465685639,-0.0012074748557308,0.0202576662890777
6.19711427557439,-0.00361930931413117,-0.0133127130515558,-0.00297757968735198,0.0187802604421454
6.20941013723227,-0.0156340549403358,-0.0253721761291687,-0.00460938368732355,0.0169994595688894
6.22170599889016,-0.027851217519988,-0.0377111829757968,-0.00607306338885917,0.014943769076981
6.23400186054804,-0.0400250512227366,-0.0500840300631528,-0.00734115758910259,0.0126467937733428
6.24629772220593,-0.0519103976319914,-0.0622441242540765,-0.00838887412079992,0.0101468221349857
6.25859358386381,-0.0632668019883301,-0.0739481258143566,-0.00919434515378413,0.00748634127281481
6.2708894455217,-0.0738625580351241,-0.0849600454274049,-0.00973882841176536,0.00471148797907862
6.28318530717959,-0.08347861709176,-0.095055230021453,-0.010006852582801,0.00187144207764755
