time_pc_sec_abs,micros32,micros32_raw,time_local_sec,a0,a1,a2,agent_id,chunk_id
1785249906.0218692,176926,45293056,45.293056,213,0,152,10,20260728_164514
1785249906.031341,176963,45302528,45.302528,216,0,152,10,20260728_164514
1785249906.041325,177002,45312512,45.312512,220,0,152,10,20260728_164514
1785249906.051309,177041,45322496,45.322496,223,1,152,10,20260728_164514
1785249906.0612931,177080,45332480,45.33248,226,186,152,10,20260728_164514
1785249906.0712771,177119,45342464,45.342464,229,135,152,10,20260728_164514
1785249906.0812612,177158,45352448,45.352448,232,93,152,10,20260728_164514
1785249906.0912452,177197,45362432,45.362432,235,75,152,10,20260728_164514
1785249906.1012292,177236,45372416,45.372416,239,69,152,10,20260728_164514
1785249906.1114693,177276,45382656,45.382656,242,49,152,10,20260728_164514
1785249906.1214533,177315,45392640,45.39264,245,46,152,10,20260728_164514
1785249906.131437,177354,45402624,45.402624,248,0,152,10,20260728_164514
1785249906.141421,177393,45412608,45.412608,0,27,152,10,20260728_164514
1785249906.151405,177432,45422592,45.422592,3,1,152,10,20260728_164514
1785249906.161389,177471,45432576,45.432576,6,0,152,10,20260728_164514
1785249906.1713731,177510,45442560,45.44256,9,0,152,10,20260728_164514
1785249906.1813571,177549,45452544,45.452544,12,1,152,10,20260728_164514
1785249906.1913412,177588,45462528,45.462528,16,1,151,10,20260728_164514
1785249906.2013252,177627,45472512,45.472512,19,0,141,10,20260728_164514
1785249906.2113092,177666,45482496,45.482496,22,0,120,10,20260728_164514
1785249906.2212932,177705,45492480,45.49248,25,1,111,10,20260728_164514
1785249906.2315333,177745,45502720,45.50272,28,0,106,10,20260728_164514
1785249906.241517,177784,45512704,45.512704,32,166,98,10,20260728_164514
1785249906.251501,177823,45522688,45.522688,35,33,102,10,20260728_164514
1785249906.261485,177862,45532672,45.532672,38,0,106,10,20260728_164514
1785249906.271469,177901,45542656,45.542656,41,24,107,10,20260728_164514
1785249906.2814531,177940,45552640,45.55264,44,0,109,10,20260728_164514
1785249906.2914371,177979,45562624,45.562624,47,0,109,10,20260728_164514
1785249906.3014212,178018,45572608,45.572608,51,8,110,10,20260728_164514
1785249906.3114052,178057,45582592,45.582592,54,1,110,10,20260728_164514
1785249906.3213892,178096,45592576,45.592576,57,3,110,10,20260728_164514
1785249906.3313732,178135,45602560,45.60256,60,1,110,10,20260728_164514
1785249906.3413572,178174,45612544,45.612544,63,87,111,10,20260728_164514
1785249906.351597,178214,45622784,45.622784,67,0,111,10,20260728_164514
1785249906.361581,178253,45632768,45.632768,70,105,111,10,20260728_164514
1785249906.371565,178292,45642752,45.642752,73,0,111,10,20260728_164514
1785249906.3815491,178331,45652736,45.652736,76,5,112,10,20260728_164514
1785249906.3915331,178370,45662720,45.66272,79,36,112,10,20260728_164514
1785249906.4015172,178409,45672704,45.672704,83,0,112,10,20260728_164514
1785249906.4115012,178448,45682688,45.682688,86,0,112,10,20260728_164514
1785249906.4214852,178487,45692672,45.692672,89,0,113,10,20260728_164514
1785249906.4314692,178526,45702656,45.702656,92,0,114,10,20260728_164514
1785249906.4414532,178565,45712640,45.71264,95,87,115,10,20260728_164514
1785249906.4514372,178604,45722624,45.722624,98,0,117,10,20260728_164514
1785249906.4614213,178643,45732608,45.732608,102,0,119,10,20260728_164514
1785249906.4714053,178682,45742592,45.742592,105,0,122,10,20260728_164514
1785249906.481645,178722,45752832,45.752832,108,0,125,10,20260728_164514
1785249906.4916291,178761,45762816,45.762816,111,0,128,10,20260728_164514
1785249906.5016131,178800,45772800,45.7728,114,0,132,10,20260728_164514
1785249906.5115972,178839,45782784,45.782784,118,0,137,10,20260728_164514
1785249906.5215812,178878,45792768,45.792768,121,3,142,10,20260728_164514
1785249906.5315652,178917,45802752,45.802752,124,0,145,10,20260728_164514
1785249906.5415492,178956,45812736,45.812736,127,64,148,10,20260728_164514
1785249906.5515332,178995,45822720,45.82272,130,0,149,10,20260728_164514
1785249906.5615172,179034,45832704,45.832704,134,0,150,10,20260728_164514
1785249906.5715013,179073,45842688,45.842688,137,37,151,10,20260728_164514
1785249906.5814853,179112,45852672,45.852672,140,0,151,10,20260728_164514
1785249906.5914693,179151,45862656,45.862656,143,1,151,10,20260728_164514
1785249906.601453,179190,45872640,45.87264,146,0,151,10,20260728_164514
1785249906.6116931,179230,45882880,45.88288,149,1,151,10,20260728_164514
1785249906.6216772,179269,45892864,45.892864,153,6,151,10,20260728_164514
1785249906.6316612,179308,45902848,45.902848,156,1,151,10,20260728_164514
1785249906.6416452,179347,45912832,45.912832,159,88,151,10,20260728_164514
1785249906.6516292,179386,45922816,45.922816,162,0,151,10,20260728_164514
1785249906.6616132,179425,45932800,45.9328,165,141,151,10,20260728_164514
1785249906.6715972,179464,45942784,45.942784,169,25,151,10,20260728_164514
1785249906.6815813,179503,45952768,45.952768,172,114,152,10,20260728_164514
1785249906.6915653,179542,45962752,45.962752,175,2,152,10,20260728_164514
1785249906.701549,179581,45972736,45.972736,178,0,152,10,20260728_164514
1785249906.711533,179620,45982720,45.98272,181,100,152,10,20260728_164514
1785249906.721517,179659,45992704,45.992704,185,0,152,10,20260728_164514
1785249906.7317572,179699,46002944,46.002944,188,0,152,10,20260728_164514
1785249906.7417412,179738,46012928,46.012928,191,0,152,10,20260728_164514
1785249906.7517252,179777,46022912,46.022912,194,1,152,10,20260728_164514
1785249906.7617092,179816,46032896,46.032896,197,82,152,10,20260728_164514
1785249906.7716932,179855,46042880,46.04288,200,0,151,10,20260728_164514
1785249906.7816772,179894,46052864,46.052864,204,92,152,10,20260728_164514
1785249906.7916613,179933,46062848,46.062848,207,0,152,10,20260728_164514
1785249906.8016453,179972,46072832,46.072832,210,0,152,10,20260728_164514
1785249906.811629,180011,46082816,46.082816,213,0,152,10,20260728_164514
1785249906.821613,180050,46092800,46.0928,216,59,152,10,20260728_164514
1785249906.831597,180089,46102784,46.102784,220,0,152,10,20260728_164514
1785249906.841581,180128,46112768,46.112768,223,2,152,10,20260728_164514
1785249906.8518212,180168,46123008,46.123008,226,0,152,10,20260728_164514
1785249906.8618052,180207,46132992,46.132992,229,87,152,10,20260728_164514
1785249906.8717892,180246,46142976,46.142976,232,0,152,10,20260728_164514
1785249906.8817732,180285,46152960,46.15296,236,0,152,10,20260728_164514
1785249906.8917572,180324,46162944,46.162944,239,0,152,10,20260728_164514
1785249906.9017413,180363,46172928,46.172928,242,0,152,10,20260728_164514
1785249906.9117253,180402,46182912,46.182912,245,1,151,10,20260728_164514
1785249906.921709,180441,46192896,46.192896,248,0,151,10,20260728_164514
1785249906.931693,180480,46202880,46.20288,251,0,152,10,20260728_164514
1785249906.941677,180519,46212864,46.212864,0,0,151,10,20260728_164514
1785249906.951661,180558,46222848,46.222848,3,0,151,10,20260728_164514
1785249906.9616451,180597,46232832,46.232832,6,1,151,10,20260728_164514
1785249906.9718852,180637,46243072,46.243072,9,1,151,10,20260728_164514
1785249906.9818692,180676,46253056,46.253056,12,1,150,10,20260728_164514
1785249906.9918532,180715,46263040,46.26304,16,21,145,10,20260728_164514
1785249907.0018373,180754,46273024,46.273024,19,1,140,10,20260728_164514
1785249907.0118213,180793,46283008,46.283008,22,0,134,10,20260728_164514
1785249907.0218053,180832,46292992,46.292992,25,0,131,10,20260728_164514
1785249907.031789,180871,46302976,46.302976,28,1,129,10,20260728_164514
1785249907.041773,180910,46312960,46.31296,32,36,129,10,20260728_164514
1785249907.051757,180949,46322944,46.322944,35,0,127,10,20260728_164514
1785249907.061741,180988,46332928,46.332928,38,128,125,10,20260728_164514
1785249907.0717251,181027,46342912,46.342912,41,0,124,10,20260728_164514
1785249907.0817091,181066,46352896,46.352896,44,107,124,10,20260728_164514
1785249907.0919492,181106,46363136,46.363136,47,0,124,10,20260728_164514
1785249907.1019332,181145,46373120,46.37312,51,75,124,10,20260728_164514
1785249907.1119173,181184,46383104,46.383104,54,77,125,10,20260728_164514
1785249907.1219013,181223,46393088,46.393088,57,0,125,10,20260728_164514
1785249907.1318853,181262,46403072,46.403072,60,81,125,10,20260728_164514
1785249907.141869,181301,46413056,46.413056,63,0,126,10,20260728_164514
1785249907.151853,181340,46423040,46.42304,67,0,126,10,20260728_164514
1785249907.161837,181379,46433024,46.433024,70,78,127,10,20260728_164514
1785249907.171821,181418,46443008,46.443008,73,1,127,10,20260728_164514
1785249907.1818051,181457,46452992,46.452992,76,76,128,10,20260728_164514
1785249907.1917892,181496,46462976,46.462976,79,0,128,10,20260728_164514
1785249907.2017732,181535,46472960,46.47296,83,82,129,10,20260728_164514
1785249907.2120132,181575,46483200,46.4832,86,0,129,10,20260728_164514
1785249907.2219973,181614,46493184,46.493184,89,0,130,10,20260728_164514
1785249907.2319813,181653,46503168,46.503168,92,0,131,10,20260728_164514
1785249907.241965,181692,46513152,46.513152,95,6,133,10,20260728_164514
1785249907.251949,181731,46523136,46.523136,98,0,135,10,20260728_164514
1785249907.261933,181770,46533120,46.53312,102,0,137,10,20260728_164514
1785249907.271917,181809,46543104,46.543104,105,0,139,10,20260728_164514
1785249907.2819011,181848,46553088,46.553088,108,81,141,10,20260728_164514
1785249907.2918851,181887,46563072,46.563072,111,1,144,10,20260728_164514
1785249907.3018692,181926,46573056,46.573056,114,17,146,10,20260728_164514
1785249907.3118532,181965,46583040,46.58304,118,0,148,10,20260728_164514
1785249907.3218372,182004,46593024,46.593024,121,0,149,10,20260728_164514
1785249907.3318212,182043,46603008,46.603008,124,0,150,10,20260728_164514
1785249907.3420613,182083,46613248,46.613248,127,0,150,10,20260728_164514
1785249907.352045,182122,46623232,46.623232,130,1,150,10,20260728_164514
1785249907.362029,182161,46633216,46.633216,134,2,151,10,20260728_164514
1785249907.372013,182200,46643200,46.6432,137,2,151,10,20260728_164514
1785249907.381997,182239,46653184,46.653184,140,0,151,10,20260728_164514
1785249907.3919811,182278,46663168,46.663168,143,1,151,10,20260728_164514
1785249907.4019651,182317,46673152,46.673152,146,1,151,10,20260728_164514
1785249907.4119492,182356,46683136,46.683136,149,12,151,10,20260728_164514
1785249907.4219332,182395,46693120,46.69312,153,0,151,10,20260728_164514
1785249907.4319172,182434,46703104,46.703104,156,0,151,10,20260728_164514
1785249907.4419012,182473,46713088,46.713088,159,0,151,10,20260728_164514
1785249907.4518852,182512,46723072,46.723072,162,1,151,10,20260728_164514
1785249907.462125,182552,46733312,46.733312,165,2,152,10,20260728_164514
1785249907.472109,182591,46743296,46.743296,169,0,151,10,20260728_164514
1785249907.482093,182630,46753280,46.75328,172,106,151,10,20260728_164514
1785249907.492077,182669,46763264,46.763264,175,1,152,10,20260728_164514
1785249907.5020611,182708,46773248,46.773248,178,122,151,10,20260728_164514
1785249907.5120451,182747,46783232,46.783232,181,0,152,10,20260728_164514
1785249907.5220292,182786,46793216,46.793216,185,99,151,10,20260728_164514
1785249907.5320132,182825,46803200,46.8032,188,0,151,10,20260728_164514
1785249907.5419972,182864,46813184,46.813184,191,2,152,10,20260728_164514
1785249907.5519812,182903,46823168,46.823168,194,57,152,10,20260728_164514
1785249907.5619652,182942,46833152,46.833152,197,0,151,10,20260728_164514
1785249907.5719492,182981,46843136,46.843136,200,0,152,10,20260728_164514
1785249907.582189,183021,46853376,46.853376,204,61,152,10,20260728_164514
1785249907.592173,183060,46863360,46.86336,207,0,152,10,20260728_164514
1785249907.602157,183099,46873344,46.873344,210,18,152,10,20260728_164514
1785249907.6121411,183138,46883328,46.883328,213,0,151,10,20260728_164514
1785249907.6221251,183177,46893312,46.893312,216,99,152,10,20260728_164514
1785249907.6321092,183216,46903296,46.903296,220,0,152,10,20260728_164514
1785249907.6420932,183255,46913280,46.91328,223,0,151,10,20260728_164514
1785249907.6520772,183294,46923264,46.923264,226,4,152,10,20260728_164514
1785249907.6620612,183333,46933248,46.933248,229,0,152,10,20260728_164514
1785249907.6720452,183372,46943232,46.943232,232,0,152,10,20260728_164514
1785249907.6820292,183411,46953216,46.953216,236,0,151,10,20260728_164514
1785249907.6920133,183450,46963200,46.9632,239,0,152,10,20260728_164514
1785249907.7019973,183489,46973184,46.973184,242,92,152,10,20260728_164514
1785249907.7122371,183529,46983424,46.983424,245,0,151,10,20260728_164514
1785249907.7222211,183568,46993408,46.993408,248,0,151,10,20260728_164514
1785249907.7322052,183607,47003392,47.003392,251,0,151,10,20260728_164514
1785249907.7421892,183646,47013376,47.013376,0,0,152,10,20260728_164514
1785249907.7521732,183685,47023360,47.02336,3,0,151,10,20260728_164514
1785249907.7621572,183724,47033344,47.033344,6,0,151,10,20260728_164514
1785249907.7721412,183763,47043328,47.043328,9,1,151,10,20260728_164514
1785249907.7821252,183802,47053312,47.053312,12,4,151,10,20260728_164514
1785249907.7921093,183841,47063296,47.063296,16,0,150,10,20260728_164514
1785249907.8020933,183880,47073280,47.07328,19,0,146,10,20260728_164514
1785249907.8120773,183919,47083264,47.083264,22,0,140,10,20260728_164514
1785249907.8223171,183959,47093504,47.093504,25,0,133,10,20260728_164514
1785249907.8323011,183998,47103488,47.103488,28,45,129,10,20260728_164514
1785249907.8422852,184037,47113472,47.113472,32,0,126,10,20260728_164514
1785249907.8522692,184076,47123456,47.123456,35,117,123,10,20260728_164514
1785249907.8622532,184115,47133440,47.13344,38,0,120,10,20260728_164514
1785249907.8722372,184154,47143424,47.143424,41,0,119,10,20260728_164514
1785249907.8822212,184193,47153408,47.153408,44,1,118,10,20260728_164514
1785249907.8922052,184232,47163392,47.163392,47,1,119,10,20260728_164514
1785249907.9021893,184271,47173376,47.173376,51,106,119,10,20260728_164514
1785249907.9121733,184310,47183360,47.18336,54,0,119,10,20260728_164514
1785249907.922413,184350,47193600,47.1936,57,0,119,10,20260728_164514
1785249907.9323971,184389,47203584,47.203584,60,0,119,10,20260728_164514
1785249907.9423811,184428,47213568,47.213568,63,0,120,10,20260728_164514
1785249907.9523652,184467,47223552,47.223552,67,47,121,10,20260728_164514
1785249907.9623492,184506,47233536,47.233536,70,0,121,10,20260728_164514
1785249907.9723332,184545,47243520,47.24352,73,0,122,10,20260728_164514
1785249907.9823172,184584,47253504,47.253504,76,0,122,10,20260728_164514
1785249907.9923012,184623,47263488,47.263488,79,0,122,10,20260728_164514
1785249908.0022852,184662,47273472,47.273472,83,26,123,10,20260728_164514
1785249908.0122693,184701,47283456,47.283456,86,0,123,10,20260728_164514
1785249908.0222533,184740,47293440,47.29344,89,47,125,10,20260728_164514
1785249908.032493,184780,47303680,47.30368,92,0,126,10,20260728_164514
1785249908.0424771,184819,47313664,47.313664,95,0,128,10,20260728_164514
1785249908.0524611,184858,47323648,47.323648,98,68,130,10,20260728_164514
1785249908.0624452,184897,47333632,47.333632,102,0,133,10,20260728_164514
1785249908.0724292,184936,47343616,47.343616,105,0,136,10,20260728_164514
1785249908.0824132,184975,47353600,47.3536,108,0,139,10,20260728_164514
1785249908.0923972,185014,47363584,47.363584,111,0,142,10,20260728_164514
1785249908.1023812,185053,47373568,47.373568,114,97,145,10,20260728_164514
1785249908.1123652,185092,47383552,47.383552,118,0,147,10,20260728_164514
1785249908.1223493,185131,47393536,47.393536,121,0,148,10,20260728_164514
1785249908.132589,185171,47403776,47.403776,124,0,149,10,20260728_164514
1785249908.142573,185210,47413760,47.41376,127,1,150,10,20260728_164514
1785249908.1525571,185249,47423744,47.423744,130,0,151,10,20260728_164514
1785249908.1625412,185288,47433728,47.433728,134,0,151,10,20260728_164514
1785249908.1725252,185327,47443712,47.443712,137,1,151,10,20260728_164514
1785249908.1825092,185366,47453696,47.453696,140,20,151,10,20260728_164514
1785249908.1924932,185405,47463680,47.46368,143,0,151,10,20260728_164514
1785249908.2024772,185444,47473664,47.473664,146,0,151,10,20260728_164514
1785249908.2124612,185483,47483648,47.483648,149,1,151,10,20260728_164514
1785249908.2224452,185522,47493632,47.493632,153,0,151,10,20260728_164514
1785249908.232685,185562,47503872,47.503872,156,16,151,10,20260728_164514
1785249908.242669,185601,47513856,47.513856,159,0,151,10,20260728_164514
1785249908.2526531,185640,47523840,47.52384,162,126,151,10,20260728_164514
1785249908.2626371,185679,47533824,47.533824,165,0,151,10,20260728_164514
1785249908.2726212,185718,47543808,47.543808,169,0,151,10,20260728_164514
1785249908.2826052,185757,47553792,47.553792,172,1,151,10,20260728_164514
1785249908.2925892,185796,47563776,47.563776,175,0,151,10,20260728_164514
1785249908.3025732,185835,47573760,47.57376,178,60,151,10,20260728_164514
1785249908.3125572,185874,47583744,47.583744,181,0,151,10,20260728_164514
1785249908.3225412,185913,47593728,47.593728,185,97,152,10,20260728_164514
1785249908.3325253,185952,47603712,47.603712,188,0,151,10,20260728_164514
1785249908.342765,185992,47613952,47.613952,191,105,151,10,20260728_164514
1785249908.352749,186031,47623936,47.623936,194,56,151,10,20260728_164514
1785249908.3627331,186070,47633920,47.63392,197,0,151,10,20260728_164514
1785249908.3727171,186109,47643904,47.643904,201,92,151,10,20260728_164514
1785249908.3827012,186148,47653888,47.653888,204,2,151,10,20260728_164514
1785249908.3926852,186187,47663872,47.663872,207,0,151,10,20260728_164514
1785249908.4026692,186226,47673856,47.673856,210,38,152,10,20260728_164514
1785249908.4126532,186265,47683840,47.68384,213,0,151,10,20260728_164514
1785249908.4226372,186304,47693824,47.693824,216,89,152,10,20260728_164514
1785249908.4326212,186343,47703808,47.703808,220,0,152,10,20260728_164514
1785249908.442861,186383,47714048,47.714048,223,89,152,10,20260728_164514
1785249908.452845,186422,47724032,47.724032,226,20,151,10,20260728_164514
1785249908.462829,186461,47734016,47.734016,229,0,151,10,20260728_164514
1785249908.4728131,186500,47744000,47.744,232,119,152,10,20260728_164514
1785249908.4827971,186539,47753984,47.753984,236,0,152,10,20260728_164514
1785249908.4927812,186578,47763968,47.763968,239,0,151,10,20260728_164514
1785249908.5027652,186617,47773952,47.773952,242,87,151,10,20260728_164514
1785249908.5127492,186656,47783936,47.783936,245,0,152,10,20260728_164514
1785249908.5227332,186695,47793920,47.79392,248,0,151,10,20260728_164514
1785249908.5327172,186734,47803904,47.803904,252,0,151,10,20260728_164514
1785249908.5427012,186773,47813888,47.813888,0,0,151,10,20260728_164514
1785249908.552941,186813,47824128,47.824128,3,55,151,10,20260728_164514
1785249908.562925,186852,47834112,47.834112,6,1,151,10,20260728_164514
1785249908.572909,186891,47844096,47.844096,9,0,151,10,20260728_164514
1785249908.5828931,186930,47854080,47.85408,12,4,151,10,20260728_164514
1785249908.5928771,186969,47864064,47.864064,16,0,151,10,20260728_164514
1785249908.6028612,187008,47874048,47.874048,19,1,150,10,20260728_164514
1785249908.6128452,187047,47884032,47.884032,22,1,149,10,20260728_164514
1785249908.6228292,187086,47894016,47.894016,25,0,144,10,20260728_164514
1785249908.6328132,187125,47904000,47.904,28,28,140,10,20260728_164514
1785249908.6427972,187164,47913984,47.913984,32,0,137,10,20260728_164514
1785249908.6527812,187203,47923968,47.923968,35,116,132,10,20260728_164514
1785249908.663021,187243,47934208,47.934208,38,0,127,10,20260728_164514
1785249908.673005,187282,47944192,47.944192,41,107,123,10,20260728_164514
1785249908.6829891,187321,47954176,47.954176,44,0,121,10,20260728_164514
1785249908.6929731,187360,47964160,47.96416,48,137,120,10,20260728_164514
1785249908.7029572,187399,47974144,47.974144,51,93,120,10,20260728_164514
1785249908.7129412,187438,47984128,47.984128,54,0,120,10,20260728_164514
1785249908.7229252,187477,47994112,47.994112,57,60,120,10,20260728_164514
1785249908.7329092,187516,48004096,48.004096,60,0,120,10,20260728_164514
1785249908.7428932,187555,48014080,48.01408,63,105,121,10,20260728_164514
1785249908.7528772,187594,48024064,48.024064,67,46,121,10,20260728_164514
1785249908.763117,187634,48034304,48.034304,70,0,121,10,20260728_164514
1785249908.773101,187673,48044288,48.044288,73,17,121,10,20260728_164514
1785249908.783085,187712,48054272,48.054272,76,0,122,10,20260728_164514
1785249908.7930691,187751,48064256,48.064256,79,99,122,10,20260728_164514
1785249908.8030531,187790,48074240,48.07424,83,15,123,10,20260728_164514
1785249908.8130372,187829,48084224,48.084224,86,0,123,10,20260728_164514
1785249908.8230212,187868,48094208,48.094208,89,13,124,10,20260728_164514
1785249908.8330052,187907,48104192,48.104192,92,0,126,10,20260728_164514
1785249908.8429892,187946,48114176,48.114176,95,98,128,10,20260728_164514
1785249908.8529732,187985,48124160,48.12416,99,24,129,10,20260728_164514
1785249908.863213,188025,48134400,48.1344,102,0,131,10,20260728_164514
1785249908.873197,188064,48144384,48.144384,105,49,133,10,20260728_164514
1785249908.883181,188103,48154368,48.154368,108,0,134,10,20260728_164514
1785249908.893165,188142,48164352,48.164352,111,93,137,10,20260728_164514
1785249908.9031491,188181,48174336,48.174336,115,86,139,10,20260728_164514
1785249908.9131331,188220,48184320,48.18432,118,0,142,10,20260728_164514
1785249908.9231172,188259,48194304,48.194304,121,22,145,10,20260728_164514
1785249908.9331012,188298,48204288,48.204288,124,0,146,10,20260728_164514
1785249908.9430852,188337,48214272,48.214272,127,0,148,10,20260728_164514
1785249908.9530692,188376,48224256,48.224256,130,52,149,10,20260728_164514
1785249908.9630532,188415,48234240,48.23424,134,0,150,10,20260728_164514
1785249908.973293,188455,48244480,48.24448,137,0,150,10,20260728_164514
1785249908.983277,188494,48254464,48.254464,140,15,151,10,20260728_164514
1785249908.993261,188533,48264448,48.264448,143,0,151,10,20260728_164514
1785249909.003245,188572,48274432,48.274432,146,1,151,10,20260728_164514
1785249909.0132291,188611,48284416,48.284416,150,0,151,10,20260728_164514
1785249909.0232131,188650,48294400,48.2944,153,1,151,10,20260728_164514
1785249909.0331972,188689,48304384,48.304384,156,27,151,10,20260728_164514
1785249909.0431812,188728,48314368,48.314368,159,0,151,10,20260728_164514
1785249909.0531652,188767,48324352,48.324352,162,134,151,10,20260728_164514
1785249909.0631492,188806,48334336,48.334336,166,0,151,10,20260728_164514
1785249909.073389,188846,48344576,48.344576,169,117,151,10,20260728_164514
1785249909.083373,188885,48354560,48.35456,172,0,151,10,20260728_164514
1785249909.093357,188924,48364544,48.364544,175,143,151,10,20260728_164514
1785249909.103341,188963,48374528,48.374528,178,3,151,10,20260728_164514
1785249909.113325,189002,48384512,48.384512,181,147,151,10,20260728_164514
1785249909.1233091,189041,48394496,48.394496,185,77,151,10,20260728_164514
1785249906.021586,440016,112644096,112.644096,147,0,149,7,20260728_164514
1785249906.031058,440053,112653568,112.653568,150,2,149,7,20260728_164514
1785249906.041042,440092,112663552,112.663552,154,1,149,7,20260728_164514
1785249906.051026,440131,112673536,112.673536,157,1,149,7,20260728_164514
1785249906.06101,440170,112683520,112.68352,160,0,149,7,20260728_164514
1785249906.07125,440210,112693760,112.69376,163,176,149,7,20260728_164514
1785249906.081234,440249,112703744,112.703744,166,150,149,7,20260728_164514
1785249906.091218,440288,112713728,112.713728,169,104,149,7,20260728_164514
1785249906.101202,440327,112723712,112.723712,173,61,149,7,20260728_164514
1785249906.111186,440366,112733696,112.733696,176,0,148,7,20260728_164514
1785249906.12117,440405,112743680,112.74368,179,8,148,7,20260728_164514
1785249906.131154,440444,112753664,112.753664,182,0,148,7,20260728_164514
1785249906.141138,440483,112763648,112.763648,185,0,148,7,20260728_164514
1785249906.151122,440522,112773632,112.773632,189,73,149,7,20260728_164514
1785249906.161106,440561,112783616,112.783616,192,0,149,7,20260728_164514
1785249906.17109,440600,112793600,112.7936,195,154,149,7,20260728_164514
1785249906.18133,440640,112803840,112.80384,198,0,149,7,20260728_164514
1785249906.191314,440679,112813824,112.813824,201,102,149,7,20260728_164514
1785249906.201298,440718,112823808,112.823808,205,0,149,7,20260728_164514
1785249906.211282,440757,112833792,112.833792,208,59,149,7,20260728_164514
1785249906.221266,440796,112843776,112.843776,211,8,149,7,20260728_164514
1785249906.23125,440835,112853760,112.85376,214,0,149,7,20260728_164514
1785249906.241234,440874,112863744,112.863744,217,0,149,7,20260728_164514
1785249906.251218,440913,112873728,112.873728,220,0,149,7,20260728_164514
1785249906.261202,440952,112883712,112.883712,224,0,149,7,20260728_164514
1785249906.271186,440991,112893696,112.893696,227,6,149,7,20260728_164514
1785249906.281426,441031,112903936,112.903936,230,0,149,7,20260728_164514
1785249906.29141,441070,112913920,112.91392,233,126,149,7,20260728_164514
1785249906.301394,441109,112923904,112.923904,236,0,149,7,20260728_164514
1785249906.311378,441148,112933888,112.933888,240,0,149,7,20260728_164514
1785249906.321362,441187,112943872,112.943872,243,93,149,7,20260728_164514
1785249906.331346,441226,112953856,112.953856,246,0,149,7,20260728_164514
1785249906.34133,441265,112963840,112.96384,249,1,149,7,20260728_164514
1785249906.351314,441304,112973824,112.973824,1,7,149,7,20260728_164514
1785249906.361298,441343,112983808,112.983808,4,0,149,7,20260728_164514
1785249906.371282,441382,112993792,112.993792,7,0,149,7,20260728_164514
1785249906.381266,441421,113003776,113.003776,10,0,149,7,20260728_164514
1785249906.391506,441461,113014016,113.014016,13,0,149,7,20260728_164514
1785249906.40149,441500,113024000,113.024,17,0,149,7,20260728_164514
1785249906.411474,441539,113033984,113.033984,20,0,149,7,20260728_164514
1785249906.421458,441578,113043968,113.043968,23,136,149,7,20260728_164514
1785249906.431442,441617,113053952,113.053952,26,0,148,7,20260728_164514
1785249906.441426,441656,113063936,113.063936,29,180,148,7,20260728_164514
1785249906.45141,441695,113073920,113.07392,32,0,148,7,20260728_164514
1785249906.461394,441734,113083904,113.083904,36,0,148,7,20260728_164514
1785249906.471378,441773,113093888,113.093888,39,74,148,7,20260728_164514
1785249906.481362,441812,113103872,113.103872,42,0,148,7,20260728_164514
1785249906.491346,441851,113113856,113.113856,45,0,148,7,20260728_164514
1785249906.50133,441890,113123840,113.12384,48,0,148,7,20260728_164514
1785249906.5113142,441929,113133824,113.133824,52,130,148,7,20260728_164514
1785249906.521554,441969,113144064,113.144064,55,0,147,7,20260728_164514
1785249906.531538,442008,113154048,113.154048,58,136,147,7,20260728_164514
1785249906.541522,442047,113164032,113.164032,61,19,147,7,20260728_164514
1785249906.551506,442086,113174016,113.174016,64,0,147,7,20260728_164514
1785249906.56149,442125,113184000,113.184,68,0,147,7,20260728_164514
1785249906.571474,442164,113193984,113.193984,71,5,147,7,20260728_164514
1785249906.581458,442203,113203968,113.203968,74,0,147,7,20260728_164514
1785249906.591442,442242,113213952,113.213952,77,110,147,7,20260728_164514
1785249906.601426,442281,113223936,113.223936,80,0,147,7,20260728_164514
1785249906.61141,442320,113233920,113.23392,83,4,147,7,20260728_164514
1785249906.6213942,442359,113243904,113.243904,87,0,147,7,20260728_164514
1785249906.631378,442398,113253888,113.253888,90,98,148,7,20260728_164514
1785249906.641362,442437,113263872,113.263872,93,5,148,7,20260728_164514
1785249906.651602,442477,113274112,113.274112,96,0,148,7,20260728_164514
1785249906.661586,442516,113284096,113.284096,99,98,148,7,20260728_164514
1785249906.67157,442555,113294080,113.29408,103,0,148,7,20260728_164514
1785249906.681554,442594,113304064,113.304064,106,0,148,7,20260728_164514
1785249906.691538,442633,113314048,113.314048,109,12,148,7,20260728_164514
1785249906.701522,442672,113324032,113.324032,112,0,149,7,20260728_164514
1785249906.711506,442711,113334016,113.334016,115,32,149,7,20260728_164514
1785249906.72149,442750,113344000,113.344,119,0,149,7,20260728_164514
1785249906.7314742,442789,113353984,113.353984,122,78,149,7,20260728_164514
1785249906.741458,442828,113363968,113.363968,125,0,149,7,20260728_164514
1785249906.751442,442867,113373952,113.373952,128,0,149,7,20260728_164514
1785249906.761426,442906,113383936,113.383936,131,119,149,7,20260728_164514
1785249906.77141,442945,113393920,113.39392,134,0,149,7,20260728_164514
1785249906.78165,442985,113404160,113.40416,138,0,149,7,20260728_164514
1785249906.791634,443024,113414144,113.414144,141,71,149,7,20260728_164514
1785249906.801618,443063,113424128,113.424128,144,0,149,7,20260728_164514
1785249906.811602,443102,113434112,113.434112,147,0,149,7,20260728_164514
1785249906.821586,443141,113444096,113.444096,150,1,149,7,20260728_164514
1785249906.83157,443180,113454080,113.45408,154,0,149,7,20260728_164514
1785249906.841554,443219,113464064,113.464064,157,148,149,7,20260728_164514
1785249906.851538,443258,113474048,113.474048,160,0,149,7,20260728_164514
1785249906.861522,443297,113484032,113.484032,163,68,149,7,20260728_164514
1785249906.871506,443336,113494016,113.494016,166,0,149,7,20260728_164514
1785249906.88149,443375,113504000,113.504,170,156,149,7,20260728_164514
1785249906.891474,443414,113513984,113.513984,173,0,149,7,20260728_164514
1785249906.901714,443454,113524224,113.524224,176,0,149,7,20260728_164514
1785249906.911698,443493,113534208,113.534208,179,40,149,7,20260728_164514
1785249906.921682,443532,113544192,113.544192,182,0,149,7,20260728_164514
1785249906.931666,443571,113554176,113.554176,185,96,149,7,20260728_164514
1785249906.9416502,443610,113564160,113.56416,189,0,149,7,20260728_164514
1785249906.951634,443649,113574144,113.574144,192,61,149,7,20260728_164514
1785249906.961618,443688,113584128,113.584128,195,16,149,7,20260728_164514
1785249906.971602,443727,113594112,113.594112,198,40,149,7,20260728_164514
1785249906.981586,443766,113604096,113.604096,201,88,149,7,20260728_164514
1785249906.99157,443805,113614080,113.61408,205,0,149,7,20260728_164514
1785249907.001554,443844,113624064,113.624064,208,0,149,7,20260728_164514
1785249907.011538,443883,113634048,113.634048,211,0,149,7,20260728_164514
1785249907.021522,443922,113644032,113.644032,214,0,149,7,20260728_164514
1785249907.031762,443962,113654272,113.654272,217,73,149,7,20260728_164514
1785249907.041746,444001,113664256,113.664256,221,0,149,7,20260728_164514
1785249907.0517302,444040,113674240,113.67424,224,104,149,7,20260728_164514
1785249907.061714,444079,113684224,113.684224,227,18,149,7,20260728_164514
1785249907.071698,444118,113694208,113.694208,230,0,149,7,20260728_164514
1785249907.081682,444157,113704192,113.704192,233,136,149,7,20260728_164514
1785249907.091666,444196,113714176,113.714176,236,0,149,7,20260728_164514
1785249907.10165,444235,113724160,113.72416,240,109,149,7,20260728_164514
1785249907.111634,444274,113734144,113.734144,243,0,149,7,20260728_164514
1785249907.121618,444313,113744128,113.744128,246,0,149,7,20260728_164514
1785249907.131602,444352,113754112,113.754112,249,76,149,7,20260728_164514
1785249907.141586,444391,113764096,113.764096,252,0,149,7,20260728_164514
1785249907.151826,444431,113774336,113.774336,1,0,149,7,20260728_164514
1785249907.1618102,444470,113784320,113.78432,4,0,149,7,20260728_164514
1785249907.171794,444509,113794304,113.794304,7,0,149,7,20260728_164514
1785249907.181778,444548,113804288,113.804288,10,0,149,7,20260728_164514
1785249907.191762,444587,113814272,113.814272,13,0,149,7,20260728_164514
1785249907.201746,444626,113824256,113.824256,17,0,149,7,20260728_164514
1785249907.21173,444665,113834240,113.83424,20,0,148,7,20260728_164514
1785249907.221714,444704,113844224,113.844224,23,0,148,7,20260728_164514
1785249907.231698,444743,113854208,113.854208,26,18,148,7,20260728_164514
1785249907.241682,444782,113864192,113.864192,29,0,148,7,20260728_164514
1785249907.251666,444821,113874176,113.874176,32,193,148,7,20260728_164514
1785249907.26165,444860,113884160,113.88416,36,0,148,7,20260728_164514
1785249907.271634,444899,113894144,113.894144,39,0,148,7,20260728_164514
1785249907.281874,444939,113904384,113.904384,42,61,147,7,20260728_164514
1785249907.291858,444978,113914368,113.914368,45,0,147,7,20260728_164514
1785249907.301842,445017,113924352,113.924352,48,139,147,7,20260728_164514
1785249907.311826,445056,113934336,113.934336,52,0,147,7,20260728_164514
1785249907.32181,445095,113944320,113.94432,55,149,147,7,20260728_164514
1785249907.331794,445134,113954304,113.954304,58,92,147,7,20260728_164514
1785249907.341778,445173,113964288,113.964288,61,0,147,7,20260728_164514
1785249907.351762,445212,113974272,113.974272,64,123,147,7,20260728_164514
1785249907.361746,445251,113984256,113.984256,68,0,147,7,20260728_164514
1785249907.37173,445290,113994240,113.99424,71,102,147,7,20260728_164514
1785249907.381714,445329,114004224,114.004224,74,0,147,7,20260728_164514
1785249907.391698,445368,114014208,114.014208,77,106,147,7,20260728_164514
1785249907.401682,445407,114024192,114.024192,80,31,147,7,20260728_164514
1785249907.411922,445447,114034432,114.034432,83,0,147,7,20260728_164514
1785249907.421906,445486,114044416,114.044416,87,142,147,7,20260728_164514
1785249907.43189,445525,114054400,114.0544,90,22,147,7,20260728_164514
1785249907.441874,445564,114064384,114.064384,93,135,148,7,20260728_164514
1785249907.451858,445603,114074368,114.074368,96,104,148,7,20260728_164514
1785249907.461842,445642,114084352,114.084352,99,0,148,7,20260728_164514
1785249907.471826,445681,114094336,114.094336,103,113,148,7,20260728_164514
1785249907.48181,445720,114104320,114.10432,106,0,148,7,20260728_164514
1785249907.491794,445759,114114304,114.114304,109,103,148,7,20260728_164514
1785249907.501778,445798,114124288,114.124288,112,12,148,7,20260728_164514
1785249907.511762,445837,114134272,114.134272,115,2,148,7,20260728_164514
1785249907.5217462,445876,114144256,114.144256,119,129,148,7,20260728_164514
1785249907.531986,445916,114154496,114.154496,122,0,149,7,20260728_164514
1785249907.54197,445955,114164480,114.16448,125,0,149,7,20260728_164514
1785249907.551954,445994,114174464,114.174464,128,60,149,7,20260728_164514
1785249907.561938,446033,114184448,114.184448,131,0,149,7,20260728_164514
1785249907.571922,446072,114194432,114.194432,134,0,149,7,20260728_164514
1785249907.581906,446111,114204416,114.204416,138,0,149,7,20260728_164514
1785249907.59189,446150,114214400,114.2144,141,0,149,7,20260728_164514
1785249907.601874,446189,114224384,114.224384,144,0,149,7,20260728_164514
1785249907.611858,446228,114234368,114.234368,147,0,149,7,20260728_164514
1785249907.621842,446267,114244352,114.244352,150,0,149,7,20260728_164514
1785249907.6318262,446306,114254336,114.254336,154,0,149,7,20260728_164514
1785249907.64181,446345,114264320,114.26432,157,63,149,7,20260728_164514
1785249907.65205,446385,114274560,114.27456,160,24,149,7,20260728_164514
1785249907.662034,446424,114284544,114.284544,163,0,149,7,20260728_164514
1785249907.672018,446463,114294528,114.294528,166,0,149,7,20260728_164514
1785249907.682002,446502,114304512,114.304512,170,0,149,7,20260728_164514
1785249907.691986,446541,114314496,114.314496,173,0,149,7,20260728_164514
1785249907.70197,446580,114324480,114.32448,176,86,149,7,20260728_164514
1785249907.711954,446619,114334464,114.334464,179,0,149,7,20260728_164514
1785249907.721938,446658,114344448,114.344448,182,124,149,7,20260728_164514
1785249907.731922,446697,114354432,114.354432,185,0,149,7,20260728_164514
1785249907.741906,446736,114364416,114.364416,189,107,149,7,20260728_164514
1785249907.75189,446775,114374400,114.3744,192,1,149,7,20260728_164514
1785249907.761874,446814,114384384,114.384384,195,62,149,7,20260728_164514
1785249907.771858,446853,114394368,114.394368,198,56,149,7,20260728_164514
1785249907.782098,446893,114404608,114.404608,201,0,149,7,20260728_164514
1785249907.792082,446932,114414592,114.414592,205,80,149,7,20260728_164514
1785249907.802066,446971,114424576,114.424576,208,0,149,7,20260728_164514
1785249907.81205,447010,114434560,114.43456,211,61,149,7,20260728_164514
1785249907.822034,447049,114444544,114.444544,214,43,149,7,20260728_164514
1785249907.832018,447088,114454528,114.454528,217,0,149,7,20260728_164514
1785249907.8420022,447127,114464512,114.464512,221,140,149,7,20260728_164514
1785249907.851986,447166,114474496,114.474496,224,9,149,7,20260728_164514
1785249907.86197,447205,114484480,114.48448,227,137,149,7,20260728_164514
1785249907.871954,447244,114494464,114.494464,230,9,149,7,20260728_164514
1785249907.881938,447283,114504448,114.504448,233,62,149,7,20260728_164514
1785249907.891922,447322,114514432,114.514432,236,78,149,7,20260728_164514
1785249907.902162,447362,114524672,114.524672,240,0,149,7,20260728_164514
1785249907.912146,447401,114534656,114.534656,243,4,149,7,20260728_164514
1785249907.92213,447440,114544640,114.54464,246,41,149,7,20260728_164514
1785249907.932114,447479,114554624,114.554624,249,0,149,7,20260728_164514
1785249907.942098,447518,114564608,114.564608,252,0,149,7,20260728_164514
1785249907.9520822,447557,114574592,114.574592,1,6,149,7,20260728_164514
1785249907.962066,447596,114584576,114.584576,4,0,149,7,20260728_164514
1785249907.97205,447635,114594560,114.59456,7,0,149,7,20260728_164514
1785249907.982034,447674,114604544,114.604544,10,1,149,7,20260728_164514
1785249907.992018,447713,114614528,114.614528,13,4,149,7,20260728_164514
1785249908.002002,447752,114624512,114.624512,17,0,149,7,20260728_164514
1785249908.011986,447791,114634496,114.634496,20,0,149,7,20260728_164514
1785249908.022226,447831,114644736,114.644736,23,86,148,7,20260728_164514
1785249908.03221,447870,114654720,114.65472,26,0,148,7,20260728_164514
1785249908.042194,447909,114664704,114.664704,29,193,148,7,20260728_164514
1785249908.052178,447948,114674688,114.674688,32,0,148,7,20260728_164514
1785249908.0621622,447987,114684672,114.684672,36,193,148,7,20260728_164514
1785249908.072146,448026,114694656,114.694656,39,69,148,7,20260728_164514
1785249908.08213,448065,114704640,114.70464,42,16,148,7,20260728_164514
1785249908.092114,448104,114714624,114.714624,45,174,148,7,20260728_164514
1785249908.102098,448143,114724608,114.724608,48,7,147,7,20260728_164514
1785249908.112082,448182,114734592,114.734592,52,0,148,7,20260728_164514
1785249908.122322,448222,114744832,114.744832,55,84,147,7,20260728_164514
1785249908.132306,448261,114754816,114.754816,58,145,148,7,20260728_164514
1785249908.14229,448300,114764800,114.7648,61,17,147,7,20260728_164514
1785249908.152274,448339,114774784,114.774784,64,0,148,7,20260728_164514
1785249908.162258,448378,114784768,114.784768,68,113,148,7,20260728_164514
1785249908.172242,448417,114794752,114.794752,71,0,148,7,20260728_164514
1785249908.182226,448456,114804736,114.804736,74,141,148,7,20260728_164514
1785249908.19221,448495,114814720,114.81472,77,83,148,7,20260728_164514
1785249908.202194,448534,114824704,114.824704,80,0,148,7,20260728_164514
1785249908.212178,448573,114834688,114.834688,83,63,148,7,20260728_164514
1785249908.222162,448612,114844672,114.844672,87,11,148,7,20260728_164514
1785249908.232402,448652,114854912,114.854912,90,1,148,7,20260728_164514
1785249908.242386,448691,114864896,114.864896,93,118,148,7,20260728_164514
1785249908.25237,448730,114874880,114.87488,96,0,148,7,20260728_164514
1785249908.262354,448769,114884864,114.884864,99,148,148,7,20260728_164514
1785249908.2723382,448808,114894848,114.894848,103,114,148,7,20260728_164514
1785249908.282322,448847,114904832,114.904832,106,85,148,7,20260728_164514
1785249908.292306,448886,114914816,114.914816,109,13,149,7,20260728_164514
1785249908.30229,448925,114924800,114.9248,112,167,149,7,20260728_164514
1785249908.312274,448964,114934784,114.934784,115,10,149,7,20260728_164514
1785249908.322258,449003,114944768,114.944768,119,2,149,7,20260728_164514
1785249908.332498,449043,114955008,114.955008,122,0,149,7,20260728_164514
1785249908.342482,449082,114964992,114.964992,125,106,149,7,20260728_164514
1785249908.352466,449121,114974976,114.974976,128,0,149,7,20260728_164514
1785249908.36245,449160,114984960,114.98496,131,0,149,7,20260728_164514
1785249908.372434,449199,114994944,114.994944,134,60,149,7,20260728_164514
1785249908.3824182,449238,115004928,115.004928,138,2,149,7,20260728_164514
1785249908.392402,449277,115014912,115.014912,141,0,149,7,20260728_164514
1785249908.402386,449316,115024896,115.024896,144,1,149,7,20260728_164514
1785249908.41237,449355,115034880,115.03488,147,0,149,7,20260728_164514
1785249908.422354,449394,115044864,115.044864,150,6,149,7,20260728_164514
1785249908.432594,449434,115055104,115.055104,154,1,149,7,20260728_164514
1785249908.442578,449473,115065088,115.065088,157,160,149,7,20260728_164514
1785249908.452562,449512,115075072,115.075072,160,0,149,7,20260728_164514
1785249908.462546,449551,115085056,115.085056,163,191,149,7,20260728_164514
1785249908.47253,449590,115095040,115.09504,166,1,149,7,20260728_164514
1785249908.482514,449629,115105024,115.105024,170,176,149,7,20260728_164514
1785249908.4924982,449668,115115008,115.115008,173,122,149,7,20260728_164514
1785249908.502738,449708,115125248,115.125248,176,64,149,7,20260728_164514
1785249908.512722,449747,115135232,115.135232,179,0,149,7,20260728_164514
1785249908.522706,449786,115145216,115.145216,182,130,149,7,20260728_164514
1785249908.53269,449825,115155200,115.1552,186,0,149,7,20260728_164514
1785249908.542674,449864,115165184,115.165184,189,127,149,7,20260728_164514
1785249908.552914,449904,115175424,115.175424,192,22,149,7,20260728_164514
1785249908.5628982,449943,115185408,115.185408,195,101,149,7,20260728_164514
1785249908.572882,449982,115195392,115.195392,198,5,149,7,20260728_164514
1785249908.582866,450021,115205376,115.205376,202,24,149,7,20260728_164514
1785249908.59285,450060,115215360,115.21536,205,112,149,7,20260728_164514
1785249908.602834,450099,115225344,115.225344,208,0,149,7,20260728_164514
1785249908.612818,450138,115235328,115.235328,211,78,149,7,20260728_164514
1785249908.622802,450177,115245312,115.245312,214,21,149,7,20260728_164514
1785249908.632786,450216,115255296,115.255296,217,0,149,7,20260728_164514
1785249908.64277,450255,115265280,115.26528,221,126,149,7,20260728_164514
1785249908.65301,450295,115275520,115.27552,224,0,149,7,20260728_164514
1785249908.662994,450334,115285504,115.285504,227,0,149,7,20260728_164514
1785249908.6729782,450373,115295488,115.295488,230,72,149,7,20260728_164514
1785249908.682962,450412,115305472,115.305472,233,0,149,7,20260728_164514
1785249908.692946,450451,115315456,115.315456,237,0,149,7,20260728_164514
1785249908.70293,450490,115325440,115.32544,240,77,149,7,20260728_164514
1785249908.712914,450529,115335424,115.335424,243,0,149,7,20260728_164514
1785249908.722898,450568,115345408,115.345408,246,31,149,7,20260728_164514
1785249908.732882,450607,115355392,115.355392,249,0,149,7,20260728_164514
1785249908.742866,450646,115365376,115.365376,253,65,149,7,20260728_164514
1785249908.753106,450686,115375616,115.375616,1,0,149,7,20260728_164514
1785249908.76309,450725,115385600,115.3856,4,0,149,7,20260728_164514
1785249908.7730742,450764,115395584,115.395584,7,14,149,7,20260728_164514
1785249908.783058,450803,115405568,115.405568,10,1,149,7,20260728_164514
1785249908.793042,450842,115415552,115.415552,13,0,149,7,20260728_164514
1785249908.803026,450881,115425536,115.425536,17,6,148,7,20260728_164514
1785249908.81301,450920,115435520,115.43552,20,0,148,7,20260728_164514
1785249908.822994,450959,115445504,115.445504,23,0,148,7,20260728_164514
1785249908.832978,450998,115455488,115.455488,26,0,148,7,20260728_164514
1785249908.842962,451037,115465472,115.465472,29,66,147,7,20260728_164514
1785249908.852946,451076,115475456,115.475456,33,86,147,7,20260728_164514
1785249908.863186,451116,115485696,115.485696,36,0,147,7,20260728_164514
1785249908.87317,451155,115495680,115.49568,39,4,147,7,20260728_164514
1785249908.8831542,451194,115505664,115.505664,42,186,147,7,20260728_164514
1785249908.893138,451233,115515648,115.515648,45,7,146,7,20260728_164514
1785249908.903122,451272,115525632,115.525632,49,0,146,7,20260728_164514
1785249908.913106,451311,115535616,115.535616,52,70,146,7,20260728_164514
1785249908.92309,451350,115545600,115.5456,55,82,146,7,20260728_164514
1785249908.933074,451389,115555584,115.555584,58,0,146,7,20260728_164514
1785249908.943058,451428,115565568,115.565568,61,140,146,7,20260728_164514
1785249908.953042,451467,115575552,115.575552,65,0,146,7,20260728_164514
1785249908.963282,451507,115585792,115.585792,68,129,146,7,20260728_164514
1785249908.973266,451546,115595776,115.595776,71,15,146,7,20260728_164514
1785249908.98325,451585,115605760,115.60576,74,62,146,7,20260728_164514
1785249908.9932342,451624,115615744,115.615744,77,96,146,7,20260728_164514
1785249909.003218,451663,115625728,115.625728,80,151,146,7,20260728_164514
1785249909.013202,451702,115635712,115.635712,84,0,147,7,20260728_164514
1785249909.023186,451741,115645696,115.645696,87,0,147,7,20260728_164514
1785249909.03317,451780,115655680,115.65568,90,106,147,7,20260728_164514
1785249909.043154,451819,115665664,115.665664,93,96,147,7,20260728_164514
1785249909.053138,451858,115675648,115.675648,96,0,147,7,20260728_164514
1785249909.063378,451898,115685888,115.685888,100,120,148,7,20260728_164514
1785249909.073362,451937,115695872,115.695872,103,14,148,7,20260728_164514
1785249909.083346,451976,115705856,115.705856,106,143,148,7,20260728_164514
1785249909.09333,452015,115715840,115.71584,109,125,148,7,20260728_164514
1785249909.1033142,452054,115725824,115.725824,112,7,148,7,20260728_164514
1785249909.113298,452093,115735808,115.735808,116,0,148,7,20260728_164514
1785249909.123282,452132,115745792,115.745792,119,108,148,7,20260728_164514
1785249906.021635,648852,166106112,166.106112,235,0,146,12,20260728_164514
1785249906.031619,648891,166116096,166.116096,238,1,146,12,20260728_164514
1785249906.041603,648930,166126080,166.12608,241,0,146,12,20260728_164514
1785249906.051587,648969,166136064,166.136064,245,0,146,12,20260728_164514
1785249906.0615711,649008,166146048,166.146048,248,239,146,12,20260728_164514
1785249906.0715551,649047,166156032,166.156032,251,169,146,12,20260728_164514
1785249906.0815392,649086,166166016,166.166016,2,118,146,12,20260728_164514
1785249906.0915232,649125,166176000,166.176,6,84,146,12,20260728_164514
1785249906.101507,649164,166185984,166.185984,9,70,146,12,20260728_164514
1785249906.111491,649203,166195968,166.195968,12,56,146,12,20260728_164514
1785249906.121475,649242,166205952,166.205952,15,61,146,12,20260728_164514
1785249906.131459,649281,166215936,166.215936,18,35,146,12,20260728_164514
1785249906.141699,649321,166226176,166.226176,22,0,146,12,20260728_164514
1785249906.151683,649360,166236160,166.23616,25,0,146,12,20260728_164514
1785249906.161667,649399,166246144,166.246144,28,0,146,12,20260728_164514
1785249906.1716511,649438,166256128,166.256128,31,0,146,12,20260728_164514
1785249906.1816351,649477,166266112,166.266112,34,148,146,12,20260728_164514
1785249906.1916192,649516,166276096,166.276096,38,82,146,12,20260728_164514
1785249906.201603,649555,166286080,166.28608,41,226,146,12,20260728_164514
1785249906.211587,649594,166296064,166.296064,44,120,146,12,20260728_164514
1785249906.221571,649633,166306048,166.306048,47,0,146,12,20260728_164514
1785249906.231555,649672,166316032,166.316032,50,39,146,12,20260728_164514
1785249906.241539,649711,166326016,166.326016,53,56,146,12,20260728_164514
1785249906.251523,649750,166336000,166.336,57,0,146,12,20260728_164514
1785249906.261763,649790,166346240,166.34624,60,138,146,12,20260728_164514
1785249906.271747,649829,166356224,166.356224,63,0,146,12,20260728_164514
1785249906.2817311,649868,166366208,166.366208,66,130,146,12,20260728_164514
1785249906.2917151,649907,166376192,166.376192,69,47,146,12,20260728_164514
1785249906.3016992,649946,166386176,166.386176,73,134,146,12,20260728_164514
1785249906.311683,649985,166396160,166.39616,76,88,146,12,20260728_164514
1785249906.321667,650024,166406144,166.406144,79,58,146,12,20260728_164514
1785249906.331651,650063,166416128,166.416128,82,0,146,12,20260728_164514
1785249906.341635,650102,166426112,166.426112,85,127,146,12,20260728_164514
1785249906.351619,650141,166436096,166.436096,89,0,146,12,20260728_164514
1785249906.361603,650180,166446080,166.44608,92,85,146,12,20260728_164514
1785249906.371587,650219,166456064,166.456064,95,0,146,12,20260728_164514
1785249906.381571,650258,166466048,166.466048,98,121,146,12,20260728_164514
1785249906.391555,650297,166476032,166.476032,101,8,146,12,20260728_164514
1785249906.4017951,650337,166486272,166.486272,104,0,146,12,20260728_164514
1785249906.4117792,650376,166496256,166.496256,108,109,146,12,20260728_164514
1785249906.421763,650415,166506240,166.50624,111,4,146,12,20260728_164514
1785249906.431747,650454,166516224,166.516224,114,15,146,12,20260728_164514
1785249906.441731,650493,166526208,166.526208,117,115,146,12,20260728_164514
1785249906.451715,650532,166536192,166.536192,120,1,146,12,20260728_164514
1785249906.461699,650571,166546176,166.546176,124,147,146,12,20260728_164514
1785249906.471683,650610,166556160,166.55616,127,46,146,12,20260728_164514
1785249906.481667,650649,166566144,166.566144,130,0,146,12,20260728_164514
1785249906.491651,650688,166576128,166.576128,133,0,146,12,20260728_164514
1785249906.501635,650727,166586112,166.586112,136,0,146,12,20260728_164514
1785249906.5118752,650767,166596352,166.596352,140,0,146,12,20260728_164514
1785249906.5218592,650806,166606336,166.606336,143,3,146,12,20260728_164514
1785249906.531843,650845,166616320,166.61632,146,0,146,12,20260728_164514
1785249906.541827,650884,166626304,166.626304,149,0,146,12,20260728_164514
1785249906.551811,650923,166636288,166.636288,152,0,146,12,20260728_164514
1785249906.561795,650962,166646272,166.646272,155,0,146,12,20260728_164514
1785249906.571779,651001,166656256,166.656256,159,34,146,12,20260728_164514
1785249906.581763,651040,166666240,166.66624,162,0,146,12,20260728_164514
1785249906.591747,651079,166676224,166.676224,165,63,146,12,20260728_164514
1785249906.601731,651118,166686208,166.686208,168,5,146,12,20260728_164514
1785249906.611715,651157,166696192,166.696192,171,0,146,12,20260728_164514
1785249906.6219552,651197,166706432,166.706432,175,70,146,12,20260728_164514
1785249906.631939,651236,166716416,166.716416,178,0,146,12,20260728_164514
1785249906.641923,651275,166726400,166.7264,181,161,146,12,20260728_164514
1785249906.651907,651314,166736384,166.736384,184,0,146,12,20260728_164514
1785249906.661891,651353,166746368,166.746368,187,120,146,12,20260728_164514
1785249906.671875,651392,166756352,166.756352,191,48,146,12,20260728_164514
1785249906.681859,651431,166766336,166.766336,194,130,146,12,20260728_164514
1785249906.691843,651470,166776320,166.77632,197,81,146,12,20260728_164514
1785249906.701827,651509,166786304,166.786304,200,126,146,12,20260728_164514
1785249906.711811,651548,166796288,166.796288,203,94,146,12,20260728_164514
1785249906.721795,651587,166806272,166.806272,207,84,146,12,20260728_164514
1785249906.7320352,651627,166816512,166.816512,210,0,146,12,20260728_164514
1785249906.742019,651666,166826496,166.826496,213,123,146,12,20260728_164514
1785249906.752003,651705,166836480,166.83648,216,40,146,12,20260728_164514
1785249906.761987,651744,166846464,166.846464,219,141,146,12,20260728_164514
1785249906.771971,651783,166856448,166.856448,222,87,146,12,20260728_164514
1785249906.781955,651822,166866432,166.866432,226,137,146,12,20260728_164514
1785249906.791939,651861,166876416,166.876416,229,72,146,12,20260728_164514
1785249906.801923,651900,166886400,166.8864,232,0,146,12,20260728_164514
1785249906.811907,651939,166896384,166.896384,235,0,146,12,20260728_164514
1785249906.821891,651978,166906368,166.906368,238,103,146,12,20260728_164514
1785249906.831875,652017,166916352,166.916352,242,0,146,12,20260728_164514
1785249906.8421152,652057,166926592,166.926592,245,0,146,12,20260728_164514
1785249906.852099,652096,166936576,166.936576,248,45,146,12,20260728_164514
1785249906.862083,652135,166946560,166.94656,251,0,146,12,20260728_164514
1785249906.872067,652174,166956544,166.956544,254,0,146,12,20260728_164514
1785249906.882051,652213,166966528,166.966528,3,25,146,12,20260728_164514
1785249906.892035,652252,166976512,166.976512,6,0,146,12,20260728_164514
1785249906.902019,652291,166986496,166.986496,9,1,146,12,20260728_164514
1785249906.912003,652330,166996480,166.99648,12,0,146,12,20260728_164514
1785249906.921987,652369,167006464,167.006464,15,1,146,12,20260728_164514
1785249906.931971,652408,167016448,167.016448,18,0,146,12,20260728_164514
1785249906.941955,652447,167026432,167.026432,22,1,146,12,20260728_164514
1785249906.9521952,652487,167036672,167.036672,25,1,146,12,20260728_164514
1785249906.962179,652526,167046656,167.046656,28,0,146,12,20260728_164514
1785249906.972163,652565,167056640,167.05664,31,0,146,12,20260728_164514
1785249906.982147,652604,167066624,167.066624,34,146,146,12,20260728_164514
1785249906.992131,652643,167076608,167.076608,38,0,146,12,20260728_164514
1785249907.002115,652682,167086592,167.086592,41,93,146,12,20260728_164514
1785249907.012099,652721,167096576,167.096576,44,0,146,12,20260728_164514
1785249907.022083,652760,167106560,167.10656,47,149,146,12,20260728_164514
1785249907.032067,652799,167116544,167.116544,50,0,146,12,20260728_164514
1785249907.042051,652838,167126528,167.126528,54,163,146,12,20260728_164514
1785249907.052035,652877,167136512,167.136512,57,0,146,12,20260728_164514
1785249907.0622752,652917,167146752,167.146752,60,1,146,12,20260728_164514
1785249907.072259,652956,167156736,167.156736,63,0,146,12,20260728_164514
1785249907.082243,652995,167166720,167.16672,66,174,146,12,20260728_164514
1785249907.092227,653034,167176704,167.176704,69,0,146,12,20260728_164514
1785249907.102211,653073,167186688,167.186688,73,128,146,12,20260728_164514
1785249907.112195,653112,167196672,167.196672,76,0,146,12,20260728_164514
1785249907.122179,653151,167206656,167.206656,79,143,146,12,20260728_164514
1785249907.132163,653190,167216640,167.21664,82,19,146,12,20260728_164514
1785249907.142147,653229,167226624,167.226624,85,49,146,12,20260728_164514
1785249907.152131,653268,167236608,167.236608,89,92,146,12,20260728_164514
1785249907.162115,653307,167246592,167.246592,92,46,146,12,20260728_164514
1785249907.172355,653347,167256832,167.256832,95,66,146,12,20260728_164514
1785249907.182339,653386,167266816,167.266816,98,104,146,12,20260728_164514
1785249907.192323,653425,167276800,167.2768,101,0,146,12,20260728_164514
1785249907.202307,653464,167286784,167.286784,105,141,146,12,20260728_164514
1785249907.212291,653503,167296768,167.296768,108,12,146,12,20260728_164514
1785249907.222275,653542,167306752,167.306752,111,139,146,12,20260728_164514
1785249907.232259,653581,167316736,167.316736,114,46,146,12,20260728_164514
1785249907.242243,653620,167326720,167.32672,117,0,146,12,20260728_164514
1785249907.252227,653659,167336704,167.336704,120,1,146,12,20260728_164514
1785249907.262211,653698,167346688,167.346688,124,131,146,12,20260728_164514
1785249907.272195,653737,167356672,167.356672,127,3,146,12,20260728_164514
1785249907.282435,653777,167366912,167.366912,130,0,146,12,20260728_164514
1785249907.292419,653816,167376896,167.376896,133,0,146,12,20260728_164514
1785249907.302403,653855,167386880,167.38688,136,1,146,12,20260728_164514
1785249907.312387,653894,167396864,167.396864,140,35,146,12,20260728_164514
1785249907.322371,653933,167406848,167.406848,143,1,146,12,20260728_164514
1785249907.332355,653972,167416832,167.416832,146,0,146,12,20260728_164514
1785249907.342339,654011,167426816,167.426816,149,11,146,12,20260728_164514
1785249907.352323,654050,167436800,167.4368,152,1,146,12,20260728_164514
1785249907.362307,654089,167446784,167.446784,156,161,146,12,20260728_164514
1785249907.372291,654128,167456768,167.456768,159,0,146,12,20260728_164514
1785249907.382275,654167,167466752,167.466752,162,189,146,12,20260728_164514
1785249907.392515,654207,167476992,167.476992,165,56,146,12,20260728_164514
1785249907.402499,654246,167486976,167.486976,168,0,146,12,20260728_164514
1785249907.412483,654285,167496960,167.49696,171,130,146,12,20260728_164514
1785249907.422467,654324,167506944,167.506944,175,12,146,12,20260728_164514
1785249907.432451,654363,167516928,167.516928,178,0,146,12,20260728_164514
1785249907.442435,654402,167526912,167.526912,181,96,146,12,20260728_164514
1785249907.452419,654441,167536896,167.536896,184,0,146,12,20260728_164514
1785249907.462403,654480,167546880,167.54688,187,131,146,12,20260728_164514
1785249907.472387,654519,167556864,167.556864,191,0,146,12,20260728_164514
1785249907.482371,654558,167566848,167.566848,194,137,146,12,20260728_164514
1785249907.4926112,654598,167577088,167.577088,197,67,146,12,20260728_164514
1785249907.502595,654637,167587072,167.587072,200,125,146,12,20260728_164514
1785249907.512579,654676,167597056,167.597056,203,88,146,12,20260728_164514
1785249907.522563,654715,167607040,167.60704,207,41,146,12,20260728_164514
1785249907.532547,654754,167617024,167.617024,210,0,146,12,20260728_164514
1785249907.542531,654793,167627008,167.627008,213,107,146,12,20260728_164514
1785249907.552515,654832,167636992,167.636992,216,0,146,12,20260728_164514
1785249907.562499,654871,167646976,167.646976,219,131,146,12,20260728_164514
1785249907.572483,654910,167656960,167.65696,223,0,146,12,20260728_164514
1785249907.582467,654949,167666944,167.666944,226,139,146,12,20260728_164514
1785249907.592451,654988,167676928,167.676928,229,10,146,12,20260728_164514
1785249907.602691,655028,167687168,167.687168,232,0,146,12,20260728_164514
1785249907.612675,655067,167697152,167.697152,235,52,146,12,20260728_164514
1785249907.622659,655106,167707136,167.707136,238,35,146,12,20260728_164514
1785249907.632643,655145,167717120,167.71712,242,0,146,12,20260728_164514
1785249907.642627,655184,167727104,167.727104,245,115,146,12,20260728_164514
1785249907.652611,655223,167737088,167.737088,248,0,146,12,20260728_164514
1785249907.662595,655262,167747072,167.747072,251,0,146,12,20260728_164514
1785249907.672579,655301,167757056,167.757056,254,12,146,12,20260728_164514
1785249907.682563,655340,167767040,167.76704,3,0,146,12,20260728_164514
1785249907.692547,655379,167777024,167.777024,6,0,146,12,20260728_164514
1785249907.702531,655418,167787008,167.787008,9,0,146,12,20260728_164514
1785249907.712515,655457,167796992,167.796992,12,0,146,12,20260728_164514
1785249907.7224991,655496,167806976,167.806976,15,0,146,12,20260728_164514
1785249907.732739,655536,167817216,167.817216,19,0,146,12,20260728_164514
1785249907.742723,655575,167827200,167.8272,22,0,146,12,20260728_164514
1785249907.752707,655614,167837184,167.837184,25,0,146,12,20260728_164514
1785249907.762691,655653,167847168,167.847168,28,0,146,12,20260728_164514
1785249907.772675,655692,167857152,167.857152,31,71,146,12,20260728_164514
1785249907.782659,655731,167867136,167.867136,34,0,146,12,20260728_164514
1785249907.792643,655770,167877120,167.87712,38,0,146,12,20260728_164514
1785249907.802627,655809,167887104,167.887104,41,3,146,12,20260728_164514
1785249907.812611,655848,167897088,167.897088,44,0,146,12,20260728_164514
1785249907.8225951,655887,167907072,167.907072,47,104,146,12,20260728_164514
1785249907.832835,655927,167917312,167.917312,50,0,146,12,20260728_164514
1785249907.842819,655966,167927296,167.927296,54,156,146,12,20260728_164514
1785249907.852803,656005,167937280,167.93728,57,1,146,12,20260728_164514
1785249907.862787,656044,167947264,167.947264,60,131,146,12,20260728_164514
1785249907.872771,656083,167957248,167.957248,63,79,146,12,20260728_164514
1785249907.882755,656122,167967232,167.967232,66,130,146,12,20260728_164514
1785249907.892739,656161,167977216,167.977216,70,101,146,12,20260728_164514
1785249907.902723,656200,167987200,167.9872,73,115,146,12,20260728_164514
1785249907.912707,656239,167997184,167.997184,76,0,146,12,20260728_164514
1785249907.922691,656278,168007168,168.007168,79,120,146,12,20260728_164514
1785249907.9326751,656317,168017152,168.017152,82,0,146,12,20260728_164514
1785249907.942915,656357,168027392,168.027392,85,141,146,12,20260728_164514
1785249907.952899,656396,168037376,168.037376,89,62,146,12,20260728_164514
1785249907.962883,656435,168047360,168.04736,92,131,146,12,20260728_164514
1785249907.972867,656474,168057344,168.057344,95,101,146,12,20260728_164514
1785249907.982851,656513,168067328,168.067328,98,0,146,12,20260728_164514
1785249907.992835,656552,168077312,168.077312,101,0,146,12,20260728_164514
1785249908.002819,656591,168087296,168.087296,105,126,146,12,20260728_164514
1785249908.012803,656630,168097280,168.09728,108,55,146,12,20260728_164514
1785249908.022787,656669,168107264,168.107264,111,37,146,12,20260728_164514
1785249908.032771,656708,168117248,168.117248,114,0,146,12,20260728_164514
1785249908.043011,656748,168127488,168.127488,117,0,146,12,20260728_164514
1785249908.052995,656787,168137472,168.137472,121,52,146,12,20260728_164514
1785249908.062979,656826,168147456,168.147456,124,0,146,12,20260728_164514
1785249908.072963,656865,168157440,168.15744,127,0,146,12,20260728_164514
1785249908.082947,656904,168167424,168.167424,130,37,146,12,20260728_164514
1785249908.092931,656943,168177408,168.177408,133,0,146,12,20260728_164514
1785249908.102915,656982,168187392,168.187392,136,0,146,12,20260728_164514
1785249908.112899,657021,168197376,168.197376,140,10,146,12,20260728_164514
1785249908.122883,657060,168207360,168.20736,143,0,146,12,20260728_164514
1785249908.132867,657099,168217344,168.217344,146,1,146,12,20260728_164514
1785249908.142851,657138,168227328,168.227328,149,1,146,12,20260728_164514
1785249908.153091,657178,168237568,168.237568,152,0,146,12,20260728_164514
1785249908.163075,657217,168247552,168.247552,156,97,146,12,20260728_164514
1785249908.173059,657256,168257536,168.257536,159,0,146,12,20260728_164514
1785249908.183043,657295,168267520,168.26752,162,152,146,12,20260728_164514
1785249908.193027,657334,168277504,168.277504,165,0,146,12,20260728_164514
1785249908.203011,657373,168287488,168.287488,168,0,146,12,20260728_164514
1785249908.212995,657412,168297472,168.297472,172,47,146,12,20260728_164514
1785249908.222979,657451,168307456,168.307456,175,152,146,12,20260728_164514
1785249908.232963,657490,168317440,168.31744,178,14,146,12,20260728_164514
1785249908.242947,657529,168327424,168.327424,181,119,146,12,20260728_164514
1785249908.252931,657568,168337408,168.337408,184,136,146,12,20260728_164514
1785249908.263171,657608,168347648,168.347648,188,33,146,12,20260728_164514
1785249908.273155,657647,168357632,168.357632,191,0,146,12,20260728_164514
1785249908.283139,657686,168367616,168.367616,194,124,146,12,20260728_164514
1785249908.293123,657725,168377600,168.3776,197,0,146,12,20260728_164514
1785249908.303107,657764,168387584,168.387584,200,125,146,12,20260728_164514
1785249908.313091,657803,168397568,168.397568,203,0,146,12,20260728_164514
1785249908.323075,657842,168407552,168.407552,207,19,146,12,20260728_164514
1785249908.333059,657881,168417536,168.417536,210,13,146,12,20260728_164514
1785249908.343043,657920,168427520,168.42752,213,0,146,12,20260728_164514
1785249908.353027,657959,168437504,168.437504,216,0,146,12,20260728_164514
1785249908.3630111,657998,168447488,168.447488,219,103,146,12,20260728_164514
1785249908.373251,658038,168457728,168.457728,223,0,146,12,20260728_164514
1785249908.383235,658077,168467712,168.467712,226,88,146,12,20260728_164514
1785249908.393219,658116,168477696,168.477696,229,0,146,12,20260728_164514
1785249908.403203,658155,168487680,168.48768,232,0,146,12,20260728_164514
1785249908.413187,658194,168497664,168.497664,235,68,146,12,20260728_164514
1785249908.423171,658233,168507648,168.507648,239,0,146,12,20260728_164514
1785249908.433155,658272,168517632,168.517632,242,0,146,12,20260728_164514
1785249908.443139,658311,168527616,168.527616,245,40,146,12,20260728_164514
1785249908.453123,658350,168537600,168.5376,248,0,146,12,20260728_164514
1785249908.463107,658389,168547584,168.547584,251,68,146,12,20260728_164514
1785249908.473347,658429,168557824,168.557824,254,0,146,12,20260728_164514
1785249908.483331,658468,168567808,168.567808,3,0,146,12,20260728_164514
1785249908.493315,658507,168577792,168.577792,6,0,146,12,20260728_164514
1785249908.503299,658546,168587776,168.587776,9,0,146,12,20260728_164514
1785249908.513283,658585,168597760,168.59776,12,1,146,12,20260728_164514
1785249908.523267,658624,168607744,168.607744,15,1,146,12,20260728_164514
1785249908.533251,658663,168617728,168.617728,19,0,146,12,20260728_164514
1785249908.543235,658702,168627712,168.627712,22,50,146,12,20260728_164514
1785249908.553219,658741,168637696,168.637696,25,0,146,12,20260728_164514
1785249908.563203,658780,168647680,168.64768,28,10,146,12,20260728_164514
1785249908.573187,658819,168657664,168.657664,31,1,146,12,20260728_164514
1785249908.583427,658859,168667904,168.667904,35,0,146,12,20260728_164514
1785249908.593411,658898,168677888,168.677888,38,19,146,12,20260728_164514
1785249908.603395,658937,168687872,168.687872,41,0,146,12,20260728_164514
1785249908.613379,658976,168697856,168.697856,44,139,146,12,20260728_164514
1785249908.623363,659015,168707840,168.70784,47,26,146,12,20260728_164514
1785249908.633347,659054,168717824,168.717824,50,0,146,12,20260728_164514
1785249908.643331,659093,168727808,168.727808,54,138,146,12,20260728_164514
1785249908.653315,659132,168737792,168.737792,57,0,146,12,20260728_164514
1785249908.663299,659171,168747776,168.747776,60,172,146,12,20260728_164514
1785249908.673283,659210,168757760,168.75776,63,10,146,12,20260728_164514
1785249908.683267,659249,168767744,168.767744,66,109,146,12,20260728_164514
1785249908.693507,659289,168777984,168.777984,70,100,146,12,20260728_164514
1785249908.703491,659328,168787968,168.787968,73,146,146,12,20260728_164514
1785249908.713475,659367,168797952,168.797952,76,55,146,12,20260728_164514
1785249908.723459,659406,168807936,168.807936,79,117,146,12,20260728_164514
1785249908.733443,659445,168817920,168.81792,82,0,146,12,20260728_164514
1785249908.743427,659484,168827904,168.827904,86,95,146,12,20260728_164514
1785249908.753411,659523,168837888,168.837888,89,0,146,12,20260728_164514
1785249908.763395,659562,168847872,168.847872,92,119,146,12,20260728_164514
1785249908.773379,659601,168857856,168.857856,95,68,146,12,20260728_164514
1785249908.783363,659640,168867840,168.86784,98,0,146,12,20260728_164514
1785249908.7933471,659679,168877824,168.877824,101,50,146,12,20260728_164514
1785249908.803587,659719,168888064,168.888064,105,0,146,12,20260728_164514
1785249908.813571,659758,168898048,168.898048,108,0,146,12,20260728_164514
1785249908.823555,659797,168908032,168.908032,111,44,146,12,20260728_164514
1785249908.833539,659836,168918016,168.918016,114,0,146,12,20260728_164514
1785249908.843523,659875,168928000,168.928,117,117,146,12,20260728_164514
1785249908.853507,659914,168937984,168.937984,121,3,146,12,20260728_164514
1785249908.863491,659953,168947968,168.947968,124,0,146,12,20260728_164514
1785249908.873475,659992,168957952,168.957952,127,107,146,12,20260728_164514
1785249908.883459,660031,168967936,168.967936,130,0,146,12,20260728_164514
1785249908.893443,660070,168977920,168.97792,133,0,146,12,20260728_164514
1785249908.903683,660110,168988160,168.98816,137,72,146,12,20260728_164514
1785249908.913667,660149,168998144,168.998144,140,0,146,12,20260728_164514
1785249908.923651,660188,169008128,169.008128,143,0,146,12,20260728_164514
1785249908.933635,660227,169018112,169.018112,146,11,146,12,20260728_164514
1785249908.943619,660266,169028096,169.028096,149,0,146,12,20260728_164514
1785249908.953603,660305,169038080,169.03808,152,0,146,12,20260728_164514
1785249908.963587,660344,169048064,169.048064,156,0,146,12,20260728_164514
1785249908.973571,660383,169058048,169.058048,159,0,146,12,20260728_164514
1785249908.983555,660422,169068032,169.068032,162,115,146,12,20260728_164514
1785249908.993539,660461,169078016,169.078016,165,1,146,12,20260728_164514
1785249909.003523,660500,169088000,169.088,168,133,146,12,20260728_164514
1785249909.013763,660540,169098240,169.09824,172,0,146,12,20260728_164514
1785249909.023747,660579,169108224,169.108224,175,155,146,12,20260728_164514
1785249909.033731,660618,169118208,169.118208,178,0,146,12,20260728_164514
1785249909.043715,660657,169128192,169.128192,181,159,146,12,20260728_164514
1785249909.053699,660696,169138176,169.138176,184,109,146,12,20260728_164514
1785249909.063683,660735,169148160,169.14816,188,131,146,12,20260728_164514
1785249909.073667,660774,169158144,169.158144,191,0,146,12,20260728_164514
1785249909.083651,660813,169168128,169.168128,194,106,146,12,20260728_164514
1785249909.093635,660852,169178112,169.178112,197,0,146,12,20260728_164514
1785249909.1038752,660892,169188352,169.188352,200,108,146,12,20260728_164514
1785249909.113859,660931,169198336,169.198336,204,0,146,12,20260728_164514
1785249909.123843,660970,169208320,169.20832,207,124,146,12,20260728_164514
1785249906.0227046,972924,249068544,249.068544,173,0,145,11,20260728_164514
1785249906.0324328,972962,249078272,249.078272,177,1,145,11,20260728_164514
1785249906.0424166,973001,249088256,249.088256,180,0,145,11,20260728_164514
1785249906.0524006,973040,249098240,249.09824,183,0,145,11,20260728_164514
1785249906.0623846,973079,249108224,249.108224,187,227,145,11,20260728_164514
1785249906.0726247,973119,249118464,249.118464,190,166,145,11,20260728_164514
1785249906.0826087,973158,249128448,249.128448,193,0,145,11,20260728_164514
1785249906.0925927,973197,249138432,249.138432,197,0,145,11,20260728_164514
1785249906.1025767,973236,249148416,249.148416,200,0,146,11,20260728_164514
1785249906.1125607,973275,249158400,249.1584,203,105,146,11,20260728_164514
1785249906.1225448,973314,249168384,249.168384,206,179,145,11,20260728_164514
1785249906.1325288,973353,249178368,249.178368,210,0,146,11,20260728_164514
1785249906.1425128,973392,249188352,249.188352,213,133,146,11,20260728_164514
1785249906.1524966,973431,249198336,249.198336,216,0,146,11,20260728_164514
1785249906.1624806,973470,249208320,249.20832,220,86,146,11,20260728_164514
1785249906.1724646,973509,249218304,249.218304,223,0,146,11,20260728_164514
1785249906.1827047,973549,249228544,249.228544,226,119,146,11,20260728_164514
1785249906.1926887,973588,249238528,249.238528,2,6,146,11,20260728_164514
1785249906.2026727,973627,249248512,249.248512,5,13,146,11,20260728_164514
1785249906.2126567,973666,249258496,249.258496,9,0,146,11,20260728_164514
1785249906.2226408,973705,249268480,249.26848,12,148,146,11,20260728_164514
1785249906.2326248,973744,249278464,249.278464,15,123,146,11,20260728_164514
1785249906.2426088,973783,249288448,249.288448,19,60,146,11,20260728_164514
1785249906.2525928,973822,249298432,249.298432,22,0,146,11,20260728_164514
1785249906.2625766,973861,249308416,249.308416,25,0,146,11,20260728_164514
1785249906.2725606,973900,249318400,249.3184,29,1,146,11,20260728_164514
1785249906.2825446,973939,249328384,249.328384,32,0,146,11,20260728_164514
1785249906.2927847,973979,249338624,249.338624,35,106,146,11,20260728_164514
1785249906.3027687,974018,249348608,249.348608,38,0,146,11,20260728_164514
1785249906.3127527,974057,249358592,249.358592,42,172,146,11,20260728_164514
1785249906.3227367,974096,249368576,249.368576,45,37,145,11,20260728_164514
1785249906.3327208,974135,249378560,249.37856,48,0,145,11,20260728_164514
1785249906.3427048,974174,249388544,249.388544,52,161,144,11,20260728_164514
1785249906.3526888,974213,249398528,249.398528,55,0,140,11,20260728_164514
1785249906.3626728,974252,249408512,249.408512,58,84,137,11,20260728_164514
1785249906.3726566,974291,249418496,249.418496,62,0,134,11,20260728_164514
1785249906.382897,974331,249428736,249.428736,65,106,132,11,20260728_164514
1785249906.392881,974370,249438720,249.43872,68,0,131,11,20260728_164514
1785249906.4028647,974409,249448704,249.448704,72,117,130,11,20260728_164514
1785249906.4128487,974448,249458688,249.458688,75,83,130,11,20260728_164514
1785249906.4228327,974487,249468672,249.468672,78,109,131,11,20260728_164514
1785249906.4328167,974526,249478656,249.478656,82,78,131,11,20260728_164514
1785249906.4428008,974565,249488640,249.48864,85,5,131,11,20260728_164514
1785249906.4527848,974604,249498624,249.498624,88,1,131,11,20260728_164514
1785249906.4627688,974643,249508608,249.508608,91,105,131,11,20260728_164514
1785249906.4727526,974682,249518592,249.518592,95,0,132,11,20260728_164514
1785249906.4827366,974721,249528576,249.528576,98,133,132,11,20260728_164514
1785249906.4927206,974760,249538560,249.53856,101,5,133,11,20260728_164514
1785249906.5027046,974799,249548544,249.548544,105,59,134,11,20260728_164514
1785249906.5129447,974839,249558784,249.558784,108,134,136,11,20260728_164514
1785249906.5229287,974878,249568768,249.568768,111,0,137,11,20260728_164514
1785249906.5329127,974917,249578752,249.578752,115,1,139,11,20260728_164514
1785249906.5428967,974956,249588736,249.588736,118,70,140,11,20260728_164514
1785249906.5528808,974995,249598720,249.59872,121,0,142,11,20260728_164514
1785249906.5628648,975034,249608704,249.608704,125,97,142,11,20260728_164514
1785249906.5728488,975073,249618688,249.618688,128,0,143,11,20260728_164514
1785249906.5828326,975112,249628672,249.628672,131,0,143,11,20260728_164514
1785249906.5928166,975151,249638656,249.638656,135,41,144,11,20260728_164514
1785249906.6028006,975190,249648640,249.64864,138,1,144,11,20260728_164514
1785249906.6127846,975229,249658624,249.658624,141,0,145,11,20260728_164514
1785249906.6230247,975269,249668864,249.668864,145,2,145,11,20260728_164514
1785249906.6330087,975308,249678848,249.678848,148,1,145,11,20260728_164514
1785249906.6429927,975347,249688832,249.688832,151,3,145,11,20260728_164514
1785249906.6529768,975386,249698816,249.698816,154,1,145,11,20260728_164514
1785249906.6629608,975425,249708800,249.7088,158,126,145,11,20260728_164514
1785249906.6729448,975464,249718784,249.718784,161,0,145,11,20260728_164514
1785249906.6829288,975503,249728768,249.728768,164,167,145,11,20260728_164514
1785249906.6929126,975542,249738752,249.738752,168,0,145,11,20260728_164514
1785249906.7028966,975581,249748736,249.748736,171,198,145,11,20260728_164514
1785249906.7128806,975620,249758720,249.75872,174,55,145,11,20260728_164514
1785249906.7228646,975659,249768704,249.768704,178,0,145,11,20260728_164514
1785249906.7331047,975699,249778944,249.778944,181,0,145,11,20260728_164514
1785249906.7430887,975738,249788928,249.788928,184,149,145,11,20260728_164514
1785249906.7530727,975777,249798912,249.798912,188,100,145,11,20260728_164514
1785249906.7630568,975816,249808896,249.808896,191,123,145,11,20260728_164514
1785249906.7730408,975855,249818880,249.81888,194,0,145,11,20260728_164514
1785249906.7830248,975894,249828864,249.828864,198,117,146,11,20260728_164514
1785249906.7930088,975933,249838848,249.838848,201,0,146,11,20260728_164514
1785249906.8029926,975972,249848832,249.848832,204,115,146,11,20260728_164514
1785249906.8129766,976011,249858816,249.858816,207,26,145,11,20260728_164514
1785249906.8229606,976050,249868800,249.8688,211,98,146,11,20260728_164514
1785249906.8332007,976090,249879040,249.87904,214,64,146,11,20260728_164514
1785249906.8431847,976129,249889024,249.889024,217,7,146,11,20260728_164514
1785249906.8531687,976168,249899008,249.899008,221,0,146,11,20260728_164514
1785249906.8631527,976207,249908992,249.908992,224,99,146,11,20260728_164514
1785249906.8731368,976246,249918976,249.918976,227,0,145,11,20260728_164514
1785249906.8831208,976285,249928960,249.92896,231,120,146,11,20260728_164514
1785249906.8931048,976324,249938944,249.938944,234,0,145,11,20260728_164514
1785249906.9030888,976363,249948928,249.948928,237,10,146,11,20260728_164514
1785249906.9130726,976402,249958912,249.958912,241,99,146,11,20260728_164514
1785249906.9230566,976441,249968896,249.968896,244,0,146,11,20260728_164514
1785249906.9330406,976480,249978880,249.97888,247,0,146,11,20260728_164514
1785249906.9432807,976520,249989120,249.98912,251,20,145,11,20260728_164514
1785249906.9532647,976559,249999104,249.999104,254,0,146,11,20260728_164514
1785249906.9632487,976598,250009088,250.009088,2,0,146,11,20260728_164514
1785249906.9732327,976637,250019072,250.019072,6,0,146,11,20260728_164514
1785249906.9832168,976676,250029056,250.029056,9,1,145,11,20260728_164514
1785249906.9932008,976715,250039040,250.03904,12,0,146,11,20260728_164514
1785249907.0031848,976754,250049024,250.049024,15,0,145,11,20260728_164514
1785249907.0131686,976793,250059008,250.059008,19,11,145,11,20260728_164514
1785249907.0231526,976832,250068992,250.068992,22,1,145,11,20260728_164514
1785249907.0331366,976871,250078976,250.078976,25,0,145,11,20260728_164514
1785249907.0431206,976910,250088960,250.08896,29,0,145,11,20260728_164514
1785249907.0533607,976950,250099200,250.0992,32,0,144,11,20260728_164514
1785249907.0633447,976989,250109184,250.109184,35,46,142,11,20260728_164514
1785249907.0733287,977028,250119168,250.119168,39,0,139,11,20260728_164514
1785249907.0833127,977067,250129152,250.129152,42,123,136,11,20260728_164514
1785249907.0932968,977106,250139136,250.139136,45,0,134,11,20260728_164514
1785249907.1032808,977145,250149120,250.14912,49,152,132,11,20260728_164514
1785249907.1132648,977184,250159104,250.159104,52,47,130,11,20260728_164514
1785249907.1232486,977223,250169088,250.169088,55,133,129,11,20260728_164514
1785249907.1332326,977262,250179072,250.179072,59,84,128,11,20260728_164514
1785249907.1432166,977301,250189056,250.189056,62,28,128,11,20260728_164514
1785249907.1532006,977340,250199040,250.19904,65,0,128,11,20260728_164514
1785249907.1631846,977379,250209024,250.209024,68,106,129,11,20260728_164514
1785249907.173169,977418,250219008,250.219008,72,0,129,11,20260728_164514
1785249907.1834087,977458,250229248,250.229248,75,128,129,11,20260728_164514
1785249907.1933928,977497,250239232,250.239232,78,0,129,11,20260728_164514
1785249907.2033768,977536,250249216,250.249216,82,123,129,11,20260728_164514
1785249907.2133608,977575,250259200,250.2592,85,3,129,11,20260728_164514
1785249907.2233448,977614,250269184,250.269184,88,102,129,11,20260728_164514
1785249907.2333286,977653,250279168,250.279168,92,0,129,11,20260728_164514
1785249907.2433126,977692,250289152,250.289152,95,7,130,11,20260728_164514
1785249907.2532966,977731,250299136,250.299136,98,34,131,11,20260728_164514
1785249907.2632806,977770,250309120,250.30912,102,0,132,11,20260728_164514
1785249907.2732646,977809,250319104,250.319104,105,0,132,11,20260728_164514
1785249907.283249,977848,250329088,250.329088,108,42,134,11,20260728_164514
1785249907.293233,977887,250339072,250.339072,112,0,135,11,20260728_164514
1785249907.3034728,977927,250349312,250.349312,115,149,136,11,20260728_164514
1785249907.3134568,977966,250359296,250.359296,118,0,138,11,20260728_164514
1785249907.3234408,978005,250369280,250.36928,121,21,139,11,20260728_164514
1785249907.3334248,978044,250379264,250.379264,125,10,140,11,20260728_164514
1785249907.3434086,978083,250389248,250.389248,128,0,142,11,20260728_164514
1785249907.3533926,978122,250399232,250.399232,131,0,142,11,20260728_164514
1785249907.3633766,978161,250409216,250.409216,135,0,143,11,20260728_164514
1785249907.3733606,978200,250419200,250.4192,138,0,143,11,20260728_164514
1785249907.383345,978239,250429184,250.429184,141,0,144,11,20260728_164514
1785249907.393329,978278,250439168,250.439168,145,0,144,11,20260728_164514
1785249907.4033127,978317,250449152,250.449152,148,0,145,11,20260728_164514
1785249907.4132967,978356,250459136,250.459136,151,2,145,11,20260728_164514
1785249907.4235368,978396,250469376,250.469376,155,0,145,11,20260728_164514
1785249907.4335208,978435,250479360,250.47936,158,0,145,11,20260728_164514
1785249907.4435046,978474,250489344,250.489344,161,0,145,11,20260728_164514
1785249907.4534886,978513,250499328,250.499328,165,0,145,11,20260728_164514
1785249907.4634726,978552,250509312,250.509312,168,1,145,11,20260728_164514
1785249907.4734566,978591,250519296,250.519296,171,0,145,11,20260728_164514
1785249907.4834406,978630,250529280,250.52928,174,104,145,11,20260728_164514
1785249907.493425,978669,250539264,250.539264,178,0,145,11,20260728_164514
1785249907.503409,978708,250549248,250.549248,181,74,145,11,20260728_164514
1785249907.5133927,978747,250559232,250.559232,184,0,145,11,20260728_164514
1785249907.5233767,978786,250569216,250.569216,188,115,145,11,20260728_164514
1785249907.5333607,978825,250579200,250.5792,191,0,145,11,20260728_164514
1785249907.5433447,978864,250589184,250.589184,194,133,145,11,20260728_164514
1785249907.5535846,978904,250599424,250.599424,198,7,145,11,20260728_164514
1785249907.5635686,978943,250609408,250.609408,201,53,145,11,20260728_164514
1785249907.5735526,978982,250619392,250.619392,204,92,145,11,20260728_164514
1785249907.5835366,979021,250629376,250.629376,208,1,145,11,20260728_164514
1785249907.5935206,979060,250639360,250.63936,211,0,145,11,20260728_164514
1785249907.603505,979099,250649344,250.649344,214,95,145,11,20260728_164514
1785249907.613489,979138,250659328,250.659328,218,0,145,11,20260728_164514
1785249907.6234727,979177,250669312,250.669312,221,97,145,11,20260728_164514
1785249907.6334567,979216,250679296,250.679296,224,0,146,11,20260728_164514
1785249907.6434407,979255,250689280,250.68928,227,126,145,11,20260728_164514
1785249907.6534247,979294,250699264,250.699264,231,25,146,11,20260728_164514
1785249907.6634088,979333,250709248,250.709248,234,0,145,11,20260728_164514
1785249907.6736486,979373,250719488,250.719488,237,0,146,11,20260728_164514
1785249907.6836326,979412,250729472,250.729472,241,3,146,11,20260728_164514
1785249907.6936166,979451,250739456,250.739456,244,1,145,11,20260728_164514
1785249907.7036006,979490,250749440,250.74944,247,115,146,11,20260728_164514
1785249907.713585,979529,250759424,250.759424,251,0,145,11,20260728_164514
1785249907.723569,979568,250769408,250.769408,254,0,146,11,20260728_164514
1785249907.7335527,979607,250779392,250.779392,2,37,145,11,20260728_164514
1785249907.7435367,979646,250789376,250.789376,6,0,145,11,20260728_164514
1785249907.7535207,979685,250799360,250.79936,9,20,145,11,20260728_164514
1785249907.7635047,979724,250809344,250.809344,12,1,145,11,20260728_164514
1785249907.7734888,979763,250819328,250.819328,16,0,145,11,20260728_164514
1785249907.7834728,979802,250829312,250.829312,19,0,145,11,20260728_164514
1785249907.7937126,979842,250839552,250.839552,22,0,145,11,20260728_164514
1785249907.8036966,979881,250849536,250.849536,26,57,145,11,20260728_164514
1785249907.8136806,979920,250859520,250.85952,29,0,145,11,20260728_164514
1785249907.823665,979959,250869504,250.869504,32,152,145,11,20260728_164514
1785249907.8336487,979998,250879488,250.879488,35,0,145,11,20260728_164514
1785249907.8436327,980037,250889472,250.889472,39,87,143,11,20260728_164514
1785249907.8536167,980076,250899456,250.899456,42,36,142,11,20260728_164514
1785249907.8636007,980115,250909440,250.90944,45,0,140,11,20260728_164514
1785249907.8735847,980154,250919424,250.919424,49,153,138,11,20260728_164514
1785249907.8835688,980193,250929408,250.929408,52,0,137,11,20260728_164514
1785249907.8938086,980233,250939648,250.939648,55,0,136,11,20260728_164514
1785249907.9037926,980272,250949632,250.949632,59,114,136,11,20260728_164514
1785249907.9137766,980311,250959616,250.959616,62,0,136,11,20260728_164514
1785249907.923761,980350,250969600,250.9696,65,99,136,11,20260728_164514
1785249907.933745,980389,250979584,250.979584,69,0,136,11,20260728_164514
1785249907.9437287,980428,250989568,250.989568,72,94,136,11,20260728_164514
1785249907.9537127,980467,250999552,250.999552,75,1,136,11,20260728_164514
1785249907.9636967,980506,251009536,251.009536,79,137,136,11,20260728_164514
1785249907.9736807,980545,251019520,251.01952,82,65,137,11,20260728_164514
1785249907.9836648,980584,251029504,251.029504,85,100,137,11,20260728_164514
1785249907.9936488,980623,251039488,251.039488,88,31,137,11,20260728_164514
1785249908.0038886,980663,251049728,251.049728,92,6,138,11,20260728_164514
1785249908.0138726,980702,251059712,251.059712,95,0,138,11,20260728_164514
1785249908.0238566,980741,251069696,251.069696,98,121,139,11,20260728_164514
1785249908.033841,980780,251079680,251.07968,102,0,140,11,20260728_164514
1785249908.043825,980819,251089664,251.089664,105,123,141,11,20260728_164514
1785249908.0538087,980858,251099648,251.099648,108,15,141,11,20260728_164514
1785249908.0637927,980897,251109632,251.109632,112,129,142,11,20260728_164514
1785249908.0737767,980936,251119616,251.119616,115,70,143,11,20260728_164514
1785249908.0837607,980975,251129600,251.1296,118,0,143,11,20260728_164514
1785249908.0937448,981014,251139584,251.139584,122,0,143,11,20260728_164514
1785249908.1037288,981053,251149568,251.149568,125,92,144,11,20260728_164514
1785249908.1139686,981093,251159808,251.159808,128,1,144,11,20260728_164514
1785249908.1239526,981132,251169792,251.169792,132,54,144,11,20260728_164514
1785249908.1339366,981171,251179776,251.179776,135,1,145,11,20260728_164514
1785249908.143921,981210,251189760,251.18976,138,0,145,11,20260728_164514
1785249908.153905,981249,251199744,251.199744,142,2,145,11,20260728_164514
1785249908.1638887,981288,251209728,251.209728,145,1,145,11,20260728_164514
1785249908.1738727,981327,251219712,251.219712,148,1,145,11,20260728_164514
1785249908.1838567,981366,251229696,251.229696,151,0,145,11,20260728_164514
1785249908.1938407,981405,251239680,251.23968,155,0,145,11,20260728_164514
1785249908.2038248,981444,251249664,251.249664,158,2,145,11,20260728_164514
1785249908.2140646,981484,251259904,251.259904,161,0,145,11,20260728_164514
1785249908.2240486,981523,251269888,251.269888,165,115,145,11,20260728_164514
1785249908.2340326,981562,251279872,251.279872,168,0,145,11,20260728_164514
1785249908.2440166,981601,251289856,251.289856,171,163,146,11,20260728_164514
1785249908.254001,981640,251299840,251.29984,175,1,146,11,20260728_164514
1785249908.263985,981679,251309824,251.309824,178,143,146,11,20260728_164514
1785249908.2739687,981718,251319808,251.319808,181,58,146,11,20260728_164514
1785249908.2839527,981757,251329792,251.329792,185,0,146,11,20260728_164514
1785249908.2939367,981796,251339776,251.339776,188,27,146,11,20260728_164514
1785249908.3039207,981835,251349760,251.34976,191,16,146,11,20260728_164514
1785249908.3139048,981874,251359744,251.359744,195,14,146,11,20260728_164514
1785249908.3241446,981914,251369984,251.369984,198,106,146,11,20260728_164514
1785249908.3341286,981953,251379968,251.379968,201,0,146,11,20260728_164514
1785249908.3441126,981992,251389952,251.389952,204,102,146,11,20260728_164514
1785249908.354097,982031,251399936,251.399936,208,0,146,11,20260728_164514
1785249908.364081,982070,251409920,251.40992,211,117,146,11,20260728_164514
1785249908.3740647,982109,251419904,251.419904,214,98,146,11,20260728_164514
1785249908.3840487,982148,251429888,251.429888,218,43,146,11,20260728_164514
1785249908.3940327,982187,251439872,251.439872,221,0,146,11,20260728_164514
1785249908.4040167,982226,251449856,251.449856,224,30,146,11,20260728_164514
1785249908.4140007,982265,251459840,251.45984,228,0,146,11,20260728_164514
1785249908.4239848,982304,251469824,251.469824,231,80,146,11,20260728_164514
1785249908.4342246,982344,251480064,251.480064,234,0,146,11,20260728_164514
1785249908.4442086,982383,251490048,251.490048,238,77,146,11,20260728_164514
1785249908.4541926,982422,251500032,251.500032,241,15,146,11,20260728_164514
1785249908.464177,982461,251510016,251.510016,244,0,146,11,20260728_164514
1785249908.474161,982500,251520000,251.52,248,4,146,11,20260728_164514
1785249908.4841447,982539,251529984,251.529984,251,0,146,11,20260728_164514
1785249908.4941287,982578,251539968,251.539968,254,0,146,11,20260728_164514
1785249908.5041127,982617,251549952,251.549952,3,0,146,11,20260728_164514
1785249908.5140967,982656,251559936,251.559936,6,0,146,11,20260728_164514
1785249908.5240808,982695,251569920,251.56992,9,43,146,11,20260728_164514
1785249908.5343206,982735,251580160,251.58016,12,1,146,11,20260728_164514
1785249908.5443046,982774,251590144,251.590144,16,0,146,11,20260728_164514
1785249908.5542886,982813,251600128,251.600128,19,0,146,11,20260728_164514
1785249908.5642726,982852,251610112,251.610112,22,0,146,11,20260728_164514
1785249908.574257,982891,251620096,251.620096,26,22,146,11,20260728_164514
1785249908.584241,982930,251630080,251.63008,29,0,146,11,20260728_164514
1785249908.5942247,982969,251640064,251.640064,32,86,146,11,20260728_164514
1785249908.6042087,983008,251650048,251.650048,36,0,145,11,20260728_164514
1785249908.6141927,983047,251660032,251.660032,39,0,145,11,20260728_164514
1785249908.6241767,983086,251670016,251.670016,42,73,144,11,20260728_164514
1785249908.6341608,983125,251680000,251.68,46,0,142,11,20260728_164514
1785249908.6444006,983165,251690240,251.69024,49,175,139,11,20260728_164514
1785249908.6543846,983204,251700224,251.700224,52,0,137,11,20260728_164514
1785249908.6643686,983243,251710208,251.710208,56,128,136,11,20260728_164514
1785249908.6743526,983282,251720192,251.720192,59,35,134,11,20260728_164514
1785249908.684337,983321,251730176,251.730176,62,107,134,11,20260728_164514
1785249908.694321,983360,251740160,251.74016,65,101,133,11,20260728_164514
1785249908.7043047,983399,251750144,251.750144,69,123,133,11,20260728_164514
1785249908.7142887,983438,251760128,251.760128,72,1,133,11,20260728_164514
1785249908.7242727,983477,251770112,251.770112,75,94,133,11,20260728_164514
1785249908.7342567,983516,251780096,251.780096,79,0,133,11,20260728_164514
1785249908.7444966,983556,251790336,251.790336,82,103,134,11,20260728_164514
1785249908.7544806,983595,251800320,251.80032,85,0,134,11,20260728_164514
1785249908.7644646,983634,251810304,251.810304,89,100,134,11,20260728_164514
1785249908.7744486,983673,251820288,251.820288,92,0,134,11,20260728_164514
1785249908.7844326,983712,251830272,251.830272,95,50,135,11,20260728_164514
1785249908.794417,983751,251840256,251.840256,99,32,136,11,20260728_164514
1785249908.8044007,983790,251850240,251.85024,102,0,137,11,20260728_164514
1785249908.8143847,983829,251860224,251.860224,105,0,138,11,20260728_164514
1785249908.8243687,983868,251870208,251.870208,109,57,139,11,20260728_164514
1785249908.8343527,983907,251880192,251.880192,112,1,140,11,20260728_164514
1785249908.8443367,983946,251890176,251.890176,115,120,142,11,20260728_164514
1785249908.8545766,983986,251900416,251.900416,119,0,143,11,20260728_164514
1785249908.8645606,984025,251910400,251.9104,122,157,143,11,20260728_164514
1785249908.8745446,984064,251920384,251.920384,125,0,144,11,20260728_164514
1785249908.8845286,984103,251930368,251.930368,128,0,144,11,20260728_164514
1785249908.894513,984142,251940352,251.940352,132,83,144,11,20260728_164514
1785249908.904497,984181,251950336,251.950336,135,0,145,11,20260728_164514
1785249908.9144807,984220,251960320,251.96032,138,1,145,11,20260728_164514
1785249908.9244647,984259,251970304,251.970304,142,3,145,11,20260728_164514
1785249908.9344487,984298,251980288,251.980288,145,1,145,11,20260728_164514
1785249908.9444327,984337,251990272,251.990272,148,0,145,11,20260728_164514
1785249908.9544168,984376,252000256,252.000256,152,0,145,11,20260728_164514
1785249908.9646566,984416,252010496,252.010496,155,0,145,11,20260728_164514
1785249908.9746406,984455,252020480,252.02048,158,0,145,11,20260728_164514
1785249908.9846246,984494,252030464,252.030464,162,0,145,11,20260728_164514
1785249908.9946086,984533,252040448,252.040448,165,0,146,11,20260728_164514
1785249909.004593,984572,252050432,252.050432,168,0,145,11,20260728_164514
1785249909.014577,984611,252060416,252.060416,172,177,146,11,20260728_164514
1785249909.0245607,984650,252070400,252.0704,175,2,146,11,20260728_164514
1785249909.0345447,984689,252080384,252.080384,178,0,146,11,20260728_164514
1785249909.0445287,984728,252090368,252.090368,181,116,146,11,20260728_164514
1785249909.0545127,984767,252100352,252.100352,185,0,146,11,20260728_164514
1785249909.0647526,984807,252110592,252.110592,188,104,146,11,20260728_164514
1785249909.0747366,984846,252120576,252.120576,191,0,146,11,20260728_164514
1785249909.0847206,984885,252130560,252.13056,195,111,146,11,20260728_164514
1785249909.0947046,984924,252140544,252.140544,198,36,146,11,20260728_164514
1785249909.1046886,984963,252150528,252.150528,201,0,146,11,20260728_164514
1785249909.114673,985002,252160512,252.160512,205,12,146,11,20260728_164514
1785249909.124657,985041,252170496,252.170496,208,11,146,11,20260728_164514
