time_pc_sec_abs,micros32,micros32_raw,time_local_sec,a0,a1,a2,agent_id,chunk_id
1782143039.6295352,9403810,2407375360,2407.37536,254,0,151,10,20260622_174405
1782143039.6395192,9403849,2407385344,2407.385344,2,0,151,10,20260622_174405
1782143039.6495032,9403888,2407395328,2407.395328,5,1,151,10,20260622_174405
1782143039.6594872,9403927,2407405312,2407.405312,9,0,151,10,20260622_174405
1782143039.6694713,9403966,2407415296,2407.415296,12,1,151,10,20260622_174405
1782143039.6794553,9404005,2407425280,2407.42528,15,0,151,10,20260622_174405
1782143039.6894393,9404044,2407435264,2407.435264,18,0,151,10,20260622_174405
1782143039.699423,9404083,2407445248,2407.445248,21,1,151,10,20260622_174405
1782143039.709407,9404122,2407455232,2407.455232,25,0,151,10,20260622_174405
1782143039.719391,9404161,2407465216,2407.465216,28,32,151,10,20260622_174405
1782143039.7296312,9404201,2407475456,2407.475456,31,0,151,10,20260622_174405
1782143039.7396152,9404240,2407485440,2407.48544,34,0,151,10,20260622_174405
1782143039.7495992,9404279,2407495424,2407.495424,37,0,151,10,20260622_174405
1782143039.7595832,9404318,2407505408,2407.505408,41,0,151,10,20260622_174405
1782143039.7695673,9404357,2407515392,2407.515392,44,1,151,10,20260622_174405
1782143039.7795513,9404396,2407525376,2407.525376,47,0,151,10,20260622_174405
1782143039.7895353,9404435,2407535360,2407.53536,50,110,151,10,20260622_174405
1782143039.7995193,9404474,2407545344,2407.545344,53,0,151,10,20260622_174405
1782143039.809503,9404513,2407555328,2407.555328,57,113,151,10,20260622_174405
1782143039.819487,9404552,2407565312,2407.565312,60,0,151,10,20260622_174405
1782143039.829471,9404591,2407575296,2407.575296,63,0,151,10,20260622_174405
1782143039.8397112,9404631,2407585536,2407.585536,66,71,151,10,20260622_174405
1782143039.8496952,9404670,2407595520,2407.59552,69,0,151,10,20260622_174405
1782143039.8596792,9404709,2407605504,2407.605504,72,9,151,10,20260622_174405
1782143039.8696632,9404748,2407615488,2407.615488,76,0,151,10,20260622_174405
1782143039.8796473,9404787,2407625472,2407.625472,79,0,151,10,20260622_174405
1782143039.8896313,9404826,2407635456,2407.635456,82,54,151,10,20260622_174405
1782143039.8996153,9404865,2407645440,2407.64544,85,1,151,10,20260622_174405
1782143039.9095993,9404904,2407655424,2407.655424,88,101,151,10,20260622_174405
1782143039.919583,9404943,2407665408,2407.665408,92,0,151,10,20260622_174405
1782143039.929567,9404982,2407675392,2407.675392,95,100,151,10,20260622_174405
1782143039.9398072,9405022,2407685632,2407.685632,98,53,151,10,20260622_174405
1782143039.9497912,9405061,2407695616,2407.695616,101,0,151,10,20260622_174405
1782143039.9597752,9405100,2407705600,2407.7056,104,0,151,10,20260622_174405
1782143039.9697592,9405139,2407715584,2407.715584,108,0,151,10,20260622_174405
1782143039.9797432,9405178,2407725568,2407.725568,111,0,151,10,20260622_174405
1782143039.9897273,9405217,2407735552,2407.735552,114,93,151,10,20260622_174405
1782143039.9997113,9405256,2407745536,2407.745536,117,0,151,10,20260622_174405
1782143040.0096953,9405295,2407755520,2407.75552,120,88,151,10,20260622_174405
1782143040.019679,9405334,2407765504,2407.765504,123,0,151,10,20260622_174405
1782143040.029663,9405373,2407775488,2407.775488,127,0,151,10,20260622_174405
1782143040.039647,9405412,2407785472,2407.785472,130,17,151,10,20260622_174405
1782143040.0498872,9405452,2407795712,2407.795712,133,1,151,10,20260622_174405
1782143040.0598712,9405491,2407805696,2407.805696,136,1,151,10,20260622_174405
1782143040.0698552,9405530,2407815680,2407.81568,139,10,151,10,20260622_174405
1782143040.0798392,9405569,2407825664,2407.825664,143,0,151,10,20260622_174405
1782143040.0898232,9405608,2407835648,2407.835648,146,1,151,10,20260622_174405
1782143040.0998073,9405647,2407845632,2407.845632,149,1,151,10,20260622_174405
1782143040.1097913,9405686,2407855616,2407.855616,152,0,151,10,20260622_174405
1782143040.1197753,9405725,2407865600,2407.8656,155,9,151,10,20260622_174405
1782143040.129759,9405764,2407875584,2407.875584,159,0,151,10,20260622_174405
1782143040.139743,9405803,2407885568,2407.885568,162,0,151,10,20260622_174405
1782143040.149727,9405842,2407895552,2407.895552,168,0,151,10,20260622_174405
1782143040.1599672,9405882,2407905792,2407.905792,171,3,151,10,20260622_174405
1782143040.1699512,9405921,2407915776,2407.915776,174,0,151,10,20260622_174405
1782143040.1799352,9405960,2407925760,2407.92576,178,0,151,10,20260622_174405
1782143040.1899192,9405999,2407935744,2407.935744,181,123,151,10,20260622_174405
1782143040.1999032,9406038,2407945728,2407.945728,184,0,151,10,20260622_174405
1782143040.2098873,9406077,2407955712,2407.955712,187,62,151,10,20260622_174405
1782143040.2198713,9406116,2407965696,2407.965696,190,0,151,10,20260622_174405
1782143040.2298553,9406155,2407975680,2407.97568,194,86,151,10,20260622_174405
1782143040.239839,9406194,2407985664,2407.985664,197,2,151,10,20260622_174405
1782143040.249823,9406233,2407995648,2407.995648,200,18,151,10,20260622_174405
1782143040.2600632,9406273,2408005888,2408.005888,203,25,151,10,20260622_174405
1782143040.2700472,9406312,2408015872,2408.015872,206,0,151,10,20260622_174405
1782143040.2800312,9406351,2408025856,2408.025856,210,12,151,10,20260622_174405
1782143040.2900152,9406390,2408035840,2408.03584,213,63,151,10,20260622_174405
1782143040.2999992,9406429,2408045824,2408.045824,216,0,151,10,20260622_174405
1782143040.3099833,9406468,2408055808,2408.055808,219,66,151,10,20260622_174405
1782143040.3199673,9406507,2408065792,2408.065792,222,0,151,10,20260622_174405
1782143040.3299513,9406546,2408075776,2408.075776,226,93,151,10,20260622_174405
1782143040.3399353,9406585,2408085760,2408.08576,229,30,151,10,20260622_174405
1782143040.349919,9406624,2408095744,2408.095744,232,0,151,10,20260622_174405
1782143040.359903,9406663,2408105728,2408.105728,235,13,151,10,20260622_174405
1782143040.3701432,9406703,2408115968,2408.115968,238,0,151,10,20260622_174405
1782143040.3801272,9406742,2408125952,2408.125952,241,0,151,10,20260622_174405
1782143040.3901112,9406781,2408135936,2408.135936,245,82,151,10,20260622_174405
1782143040.4000952,9406820,2408145920,2408.14592,248,0,151,10,20260622_174405
1782143040.4100792,9406859,2408155904,2408.155904,251,59,151,10,20260622_174405
1782143040.4200633,9406898,2408165888,2408.165888,254,0,151,10,20260622_174405
1782143040.4300473,9406937,2408175872,2408.175872,2,0,151,10,20260622_174405
1782143040.4400313,9406976,2408185856,2408.185856,6,1,151,10,20260622_174405
1782143040.450015,9407015,2408195840,2408.19584,9,1,151,10,20260622_174405
1782143040.459999,9407054,2408205824,2408.205824,12,25,151,10,20260622_174405
1782143040.4702392,9407094,2408216064,2408.216064,15,1,151,10,20260622_174405
1782143040.4802232,9407133,2408226048,2408.226048,18,0,151,10,20260622_174405
1782143040.4902072,9407172,2408236032,2408.236032,22,0,151,10,20260622_174405
1782143040.5001912,9407211,2408246016,2408.246016,25,1,151,10,20260622_174405
1782143040.5101752,9407250,2408256000,2408.256,28,43,151,10,20260622_174405
1782143040.5201592,9407289,2408265984,2408.265984,31,1,151,10,20260622_174405
1782143040.5301433,9407328,2408275968,2408.275968,34,173,151,10,20260622_174405
1782143040.5401273,9407367,2408285952,2408.285952,37,51,151,10,20260622_174405
1782143040.5501113,9407406,2408295936,2408.295936,41,0,151,10,20260622_174405
1782143040.560095,9407445,2408305920,2408.30592,44,29,151,10,20260622_174405
1782143040.570079,9407484,2408315904,2408.315904,47,0,151,10,20260622_174405
1782143040.5803192,9407524,2408326144,2408.326144,50,1,151,10,20260622_174405
1782143040.5903032,9407563,2408336128,2408.336128,53,89,151,10,20260622_174405
1782143040.6002872,9407602,2408346112,2408.346112,57,0,151,10,20260622_174405
1782143040.6102712,9407641,2408356096,2408.356096,60,38,151,10,20260622_174405
1782143040.6202552,9407680,2408366080,2408.36608,63,0,151,10,20260622_174405
1782143040.6302392,9407719,2408376064,2408.376064,66,112,151,10,20260622_174405
1782143040.6402233,9407758,2408386048,2408.386048,69,18,151,10,20260622_174405
1782143040.6502073,9407797,2408396032,2408.396032,73,55,151,10,20260622_174405
1782143040.6601913,9407836,2408406016,2408.406016,76,13,151,10,20260622_174405
1782143040.670175,9407875,2408416000,2408.416,79,0,151,10,20260622_174405
1782143040.6804152,9407915,2408426240,2408.42624,82,0,151,10,20260622_174405
1782143040.6903992,9407954,2408436224,2408.436224,85,11,151,10,20260622_174405
1782143040.7003832,9407993,2408446208,2408.446208,88,0,151,10,20260622_174405
1782143040.7103672,9408032,2408456192,2408.456192,92,14,151,10,20260622_174405
1782143040.7203512,9408071,2408466176,2408.466176,95,0,151,10,20260622_174405
1782143040.7303352,9408110,2408476160,2408.47616,98,105,151,10,20260622_174405
1782143040.7403193,9408149,2408486144,2408.486144,101,1,151,10,20260622_174405
1782143040.7503033,9408188,2408496128,2408.496128,104,0,151,10,20260622_174405
1782143040.7602873,9408227,2408506112,2408.506112,108,11,151,10,20260622_174405
1782143040.7702713,9408266,2408516096,2408.516096,111,0,151,10,20260622_174405
1782143040.7805111,9408306,2408526336,2408.526336,114,0,151,10,20260622_174405
1782143040.7904952,9408345,2408536320,2408.53632,117,0,151,10,20260622_174405
1782143040.8004792,9408384,2408546304,2408.546304,120,0,151,10,20260622_174405
1782143040.8104632,9408423,2408556288,2408.556288,124,48,151,10,20260622_174405
1782143040.8204472,9408462,2408566272,2408.566272,127,0,151,10,20260622_174405
1782143040.8304312,9408501,2408576256,2408.576256,130,0,151,10,20260622_174405
1782143040.8404152,9408540,2408586240,2408.58624,133,0,151,10,20260622_174405
1782143040.8503993,9408579,2408596224,2408.596224,136,1,151,10,20260622_174405
1782143040.8603833,9408618,2408606208,2408.606208,140,58,151,10,20260622_174405
1782143040.8703673,9408657,2408616192,2408.616192,143,0,151,10,20260622_174405
1782143040.8803513,9408696,2408626176,2408.626176,146,0,151,10,20260622_174405
1782143040.8905911,9408736,2408636416,2408.636416,149,0,151,10,20260622_174405
1782143040.9005752,9408775,2408646400,2408.6464,152,1,151,10,20260622_174405
1782143040.9105592,9408814,2408656384,2408.656384,155,63,151,10,20260622_174405
1782143040.9205432,9408853,2408666368,2408.666368,159,0,151,10,20260622_174405
1782143040.9305272,9408892,2408676352,2408.676352,162,18,151,10,20260622_174405
1782143040.9405112,9408931,2408686336,2408.686336,165,1,151,10,20260622_174405
1782143040.9504952,9408970,2408696320,2408.69632,168,0,151,10,20260622_174405
1782143040.9604793,9409009,2408706304,2408.706304,171,53,151,10,20260622_174405
1782143040.9704633,9409048,2408716288,2408.716288,175,0,151,10,20260622_174405
1782143040.9804473,9409087,2408726272,2408.726272,178,0,151,10,20260622_174405
1782143040.9906871,9409127,2408736512,2408.736512,181,0,151,10,20260622_174405
1782143041.0006711,9409166,2408746496,2408.746496,184,0,151,10,20260622_174405
1782143041.0106552,9409205,2408756480,2408.75648,187,11,151,10,20260622_174405
1782143041.0206392,9409244,2408766464,2408.766464,191,0,151,10,20260622_174405
1782143041.0306232,9409283,2408776448,2408.776448,194,111,151,10,20260622_174405
1782143041.0406072,9409322,2408786432,2408.786432,197,0,151,10,20260622_174405
1782143041.0505912,9409361,2408796416,2408.796416,200,35,151,10,20260622_174405
1782143041.0605752,9409400,2408806400,2408.8064,203,9,151,10,20260622_174405
1782143041.0705593,9409439,2408816384,2408.816384,206,0,151,10,20260622_174405
1782143041.0805433,9409478,2408826368,2408.826368,210,1,151,10,20260622_174405
1782143041.090783,9409518,2408836608,2408.836608,213,0,151,10,20260622_174405
1782143041.1007671,9409557,2408846592,2408.846592,216,0,151,10,20260622_174405
1782143041.1107512,9409596,2408856576,2408.856576,219,9,151,10,20260622_174405
1782143041.1207352,9409635,2408866560,2408.86656,222,1,152,10,20260622_174405
1782143041.1307192,9409674,2408876544,2408.876544,226,75,151,10,20260622_174405
1782143041.1407032,9409713,2408886528,2408.886528,229,0,151,10,20260622_174405
1782143041.1506872,9409752,2408896512,2408.896512,232,0,151,10,20260622_174405
1782143041.1606712,9409791,2408906496,2408.906496,235,6,151,10,20260622_174405
1782143041.1706553,9409830,2408916480,2408.91648,238,0,151,10,20260622_174405
1782143041.1806393,9409869,2408926464,2408.926464,242,0,151,10,20260622_174405
1782143041.190879,9409909,2408936704,2408.936704,245,0,151,10,20260622_174405
1782143041.2008631,9409948,2408946688,2408.946688,248,0,151,10,20260622_174405
1782143041.2108471,9409987,2408956672,2408.956672,251,10,151,10,20260622_174405
1782143041.2208312,9410026,2408966656,2408.966656,254,0,151,10,20260622_174405
1782143041.2308152,9410065,2408976640,2408.97664,2,0,151,10,20260622_174405
1782143041.2407992,9410104,2408986624,2408.986624,6,1,151,10,20260622_174405
1782143041.2507832,9410143,2408996608,2408.996608,9,0,151,10,20260622_174405
1782143041.2607672,9410182,2409006592,2409.006592,12,3,151,10,20260622_174405
1782143041.2707512,9410221,2409016576,2409.016576,15,1,151,10,20260622_174405
1782143041.2807353,9410260,2409026560,2409.02656,18,1,151,10,20260622_174405
1782143041.290975,9410300,2409036800,2409.0368,22,1,151,10,20260622_174405
1782143041.300959,9410339,2409046784,2409.046784,25,1,151,10,20260622_174405
1782143041.3109431,9410378,2409056768,2409.056768,28,103,151,10,20260622_174405
1782143041.3209271,9410417,2409066752,2409.066752,31,0,151,10,20260622_174405
1782143041.3309112,9410456,2409076736,2409.076736,34,159,151,10,20260622_174405
1782143041.3408952,9410495,2409086720,2409.08672,38,0,151,10,20260622_174405
1782143041.3508792,9410534,2409096704,2409.096704,41,0,151,10,20260622_174405
1782143041.3608632,9410573,2409106688,2409.106688,44,33,151,10,20260622_174405
1782143041.3708472,9410612,2409116672,2409.116672,47,0,151,10,20260622_174405
1782143041.3808312,9410651,2409126656,2409.126656,50,5,151,10,20260622_174405
1782143041.3908153,9410690,2409136640,2409.13664,54,0,151,10,20260622_174405
1782143041.401055,9410730,2409146880,2409.14688,57,0,151,10,20260622_174405
1782143041.411039,9410769,2409156864,2409.156864,60,11,151,10,20260622_174405
1782143041.4210231,9410808,2409166848,2409.166848,63,0,151,10,20260622_174405
1782143041.4310071,9410847,2409176832,2409.176832,66,97,151,10,20260622_174405
1782143041.4409912,9410886,2409186816,2409.186816,69,0,151,10,20260622_174405
1782143041.4509752,9410925,2409196800,2409.1968,73,96,151,10,20260622_174405
1782143041.4609592,9410964,2409206784,2409.206784,76,0,151,10,20260622_174405
1782143041.4709432,9411003,2409216768,2409.216768,79,0,151,10,20260622_174405
1782143041.4809272,9411042,2409226752,2409.226752,82,0,151,10,20260622_174405
1782143041.4909112,9411081,2409236736,2409.236736,85,0,151,10,20260622_174405
1782143041.501151,9411121,2409246976,2409.246976,89,1,151,10,20260622_174405
1782143041.511135,9411160,2409256960,2409.25696,92,4,151,10,20260622_174405
1782143041.521119,9411199,2409266944,2409.266944,95,0,151,10,20260622_174405
1782143041.5311031,9411238,2409276928,2409.276928,98,103,151,10,20260622_174405
1782143041.5410872,9411277,2409286912,2409.286912,101,0,151,10,20260622_174405
1782143041.5510712,9411316,2409296896,2409.296896,105,20,151,10,20260622_174405
1782143041.5610552,9411355,2409306880,2409.30688,108,0,151,10,20260622_174405
1782143041.5710392,9411394,2409316864,2409.316864,111,0,151,10,20260622_174405
1782143041.5810232,9411433,2409326848,2409.326848,114,2,151,10,20260622_174405
1782143041.5910072,9411472,2409336832,2409.336832,117,0,151,10,20260622_174405
1782143041.6009912,9411511,2409346816,2409.346816,120,0,151,10,20260622_174405
1782143041.611231,9411551,2409357056,2409.357056,124,1,151,10,20260622_174405
1782143041.621215,9411590,2409367040,2409.36704,127,0,151,10,20260622_174405
1782143041.6311991,9411629,2409377024,2409.377024,130,29,151,10,20260622_174405
1782143041.6411831,9411668,2409387008,2409.387008,133,1,151,10,20260622_174405
1782143041.6511672,9411707,2409396992,2409.396992,136,0,151,10,20260622_174405
1782143041.6611512,9411746,2409406976,2409.406976,140,4,151,10,20260622_174405
1782143041.6711352,9411785,2409416960,2409.41696,143,0,151,10,20260622_174405
1782143041.6811192,9411824,2409426944,2409.426944,146,1,151,10,20260622_174405
1782143039.6224885,8939653,2288551168,2288.551168,196,0,149,7,20260622_174405
1782143039.6324725,8939692,2288561152,2288.561152,199,1,149,7,20260622_174405
1782143039.6424563,8939731,2288571136,2288.571136,202,1,149,7,20260622_174405
1782143039.6524403,8939770,2288581120,2288.58112,205,1,149,7,20260622_174405
1782143039.6624246,8939809,2288591104,2288.591104,208,186,149,7,20260622_174405
1782143039.6724086,8939848,2288601088,2288.601088,211,160,149,7,20260622_174405
1782143039.6823926,8939887,2288611072,2288.611072,214,136,149,7,20260622_174405
1782143039.6923766,8939926,2288621056,2288.621056,218,95,149,7,20260622_174405
1782143039.7023606,8939965,2288631040,2288.63104,221,59,149,7,20260622_174405
1782143039.7123446,8940004,2288641024,2288.641024,224,53,149,7,20260622_174405
1782143039.7225845,8940044,2288651264,2288.651264,227,44,149,7,20260622_174405
1782143039.7325685,8940083,2288661248,2288.661248,230,44,149,7,20260622_174405
1782143039.7425525,8940122,2288671232,2288.671232,233,40,149,7,20260622_174405
1782143039.7525363,8940161,2288681216,2288.681216,236,49,149,7,20260622_174405
1782143039.7625206,8940200,2288691200,2288.6912,239,26,149,7,20260622_174405
1782143039.7725046,8940239,2288701184,2288.701184,243,20,149,7,20260622_174405
1782143039.7824886,8940278,2288711168,2288.711168,246,19,149,7,20260622_174405
1782143039.7924726,8940317,2288721152,2288.721152,249,2,149,7,20260622_174405
1782143039.8024566,8940356,2288731136,2288.731136,252,3,149,7,20260622_174405
1782143039.8124406,8940395,2288741120,2288.74112,0,0,149,7,20260622_174405
1782143039.822425,8940434,2288751104,2288.751104,3,0,149,7,20260622_174405
1782143039.8326645,8940474,2288761344,2288.761344,6,0,149,7,20260622_174405
1782143039.8426485,8940513,2288771328,2288.771328,9,0,149,7,20260622_174405
1782143039.8526323,8940552,2288781312,2288.781312,12,0,149,7,20260622_174405
1782143039.8626163,8940591,2288791296,2288.791296,16,0,149,7,20260622_174405
1782143039.8726006,8940630,2288801280,2288.80128,19,0,149,7,20260622_174405
1782143039.8825846,8940669,2288811264,2288.811264,22,0,149,7,20260622_174405
1782143039.8925686,8940708,2288821248,2288.821248,25,43,149,7,20260622_174405
1782143039.9025526,8940747,2288831232,2288.831232,28,0,149,7,20260622_174405
1782143039.9125366,8940786,2288841216,2288.841216,31,4,149,7,20260622_174405
1782143039.9227765,8940826,2288851456,2288.851456,34,0,149,7,20260622_174405
1782143039.9327605,8940865,2288861440,2288.86144,38,0,149,7,20260622_174405
1782143039.9427445,8940904,2288871424,2288.871424,41,77,149,7,20260622_174405
1782143039.9527285,8940943,2288881408,2288.881408,44,0,149,7,20260622_174405
1782143039.9627123,8940982,2288891392,2288.891392,47,158,149,7,20260622_174405
1782143039.9726963,8941021,2288901376,2288.901376,50,0,149,7,20260622_174405
1782143039.9826806,8941060,2288911360,2288.91136,53,150,149,7,20260622_174405
1782143039.9926646,8941099,2288921344,2288.921344,56,19,149,7,20260622_174405
1782143040.0026486,8941138,2288931328,2288.931328,59,163,149,7,20260622_174405
1782143040.0128884,8941178,2288941568,2288.941568,63,6,149,7,20260622_174405
1782143040.0228724,8941217,2288951552,2288.951552,66,12,149,7,20260622_174405
1782143040.0328565,8941256,2288961536,2288.961536,69,0,149,7,20260622_174405
1782143040.0428405,8941295,2288971520,2288.97152,72,90,149,7,20260622_174405
1782143040.0528245,8941334,2288981504,2288.981504,75,112,149,7,20260622_174405
1782143040.0628085,8941373,2288991488,2288.991488,78,109,149,7,20260622_174405
1782143040.0727923,8941412,2289001472,2289.001472,81,0,149,7,20260622_174405
1782143040.0827763,8941451,2289011456,2289.011456,84,88,149,7,20260622_174405
1782143040.0927606,8941490,2289021440,2289.02144,88,0,149,7,20260622_174405
1782143040.1030006,8941530,2289031680,2289.03168,91,128,149,7,20260622_174405
1782143040.1129844,8941569,2289041664,2289.041664,94,65,149,7,20260622_174405
1782143040.1229684,8941608,2289051648,2289.051648,195,0,149,7,20260622_174405
1782143040.1329525,8941647,2289061632,2289.061632,198,0,149,7,20260622_174405
1782143040.1429365,8941686,2289071616,2289.071616,201,55,149,7,20260622_174405
1782143040.1529205,8941725,2289081600,2289.0816,204,0,149,7,20260622_174405
1782143040.1629045,8941764,2289091584,2289.091584,207,0,149,7,20260622_174405
1782143040.1728885,8941803,2289101568,2289.101568,210,0,149,7,20260622_174405
1782143040.1828723,8941842,2289111552,2289.111552,213,0,149,7,20260622_174405
1782143040.1931126,8941882,2289121792,2289.121792,216,1,149,7,20260622_174405
1782143040.2030966,8941921,2289131776,2289.131776,220,0,149,7,20260622_174405
1782143040.2130806,8941960,2289141760,2289.14176,223,0,149,7,20260622_174405
1782143040.2230644,8941999,2289151744,2289.151744,226,0,149,7,20260622_174405
1782143040.2330484,8942038,2289161728,2289.161728,229,0,149,7,20260622_174405
1782143040.2430325,8942077,2289171712,2289.171712,232,4,149,7,20260622_174405
1782143040.2530165,8942116,2289181696,2289.181696,235,4,149,7,20260622_174405
1782143040.2630005,8942155,2289191680,2289.19168,238,6,149,7,20260622_174405
1782143040.2729845,8942194,2289201664,2289.201664,241,4,149,7,20260622_174405
1782143040.2829683,8942233,2289211648,2289.211648,245,4,149,7,20260622_174405
1782143040.2932086,8942273,2289221888,2289.221888,248,4,149,7,20260622_174405
1782143040.3031926,8942312,2289231872,2289.231872,251,6,149,7,20260622_174405
1782143040.3131766,8942351,2289241856,2289.241856,254,2,149,7,20260622_174405
1782143040.3231606,8942390,2289251840,2289.25184,2,4,149,7,20260622_174405
1782143040.3331444,8942429,2289261824,2289.261824,5,3,149,7,20260622_174405
1782143040.3431284,8942468,2289271808,2289.271808,8,6,149,7,20260622_174405
1782143040.3531125,8942507,2289281792,2289.281792,11,3,149,7,20260622_174405
1782143040.3630965,8942546,2289291776,2289.291776,15,3,149,7,20260622_174405
1782143040.3730805,8942585,2289301760,2289.30176,18,2,149,7,20260622_174405
1782143040.3833206,8942625,2289312000,2289.312,21,5,149,7,20260622_174405
1782143040.3933046,8942664,2289321984,2289.321984,24,5,149,7,20260622_174405
1782143040.4032886,8942703,2289331968,2289.331968,27,5,149,7,20260622_174405
1782143040.4132726,8942742,2289341952,2289.341952,30,4,149,7,20260622_174405
1782143040.4232566,8942781,2289351936,2289.351936,33,2,149,7,20260622_174405
1782143040.433241,8942820,2289361920,2289.36192,36,3,149,7,20260622_174405
1782143040.4432244,8942859,2289371904,2289.371904,40,5,149,7,20260622_174405
1782143040.4532084,8942898,2289381888,2289.381888,43,3,149,7,20260622_174405
1782143040.4631925,8942937,2289391872,2289.391872,46,2,149,7,20260622_174405
1782143040.4731765,8942976,2289401856,2289.401856,49,5,149,7,20260622_174405
1782143040.4834166,8943016,2289412096,2289.412096,52,3,149,7,20260622_174405
1782143040.4934006,8943055,2289422080,2289.42208,55,5,149,7,20260622_174405
1782143040.5033846,8943094,2289432064,2289.432064,58,0,149,7,20260622_174405
1782143040.5133686,8943133,2289442048,2289.442048,61,0,149,7,20260622_174405
1782143040.5233526,8943172,2289452032,2289.452032,65,0,149,7,20260622_174405
1782143040.5333366,8943211,2289462016,2289.462016,68,0,149,7,20260622_174405
1782143040.5433204,8943250,2289472000,2289.472,71,177,149,7,20260622_174405
1782143040.5533044,8943289,2289481984,2289.481984,74,151,149,7,20260622_174405
1782143040.5632885,8943328,2289491968,2289.491968,77,133,149,7,20260622_174405
1782143040.5732725,8943367,2289501952,2289.501952,80,67,149,7,20260622_174405
1782143040.5835123,8943407,2289512192,2289.512192,83,0,149,7,20260622_174405
1782143040.5934966,8943446,2289522176,2289.522176,86,0,149,7,20260622_174405
1782143040.6034806,8943485,2289532160,2289.53216,90,0,149,7,20260622_174405
1782143040.6134646,8943524,2289542144,2289.542144,93,0,149,7,20260622_174405
1782143040.6234486,8943563,2289552128,2289.552128,96,145,148,7,20260622_174405
1782143040.6334326,8943602,2289562112,2289.562112,99,175,147,7,20260622_174405
1782143040.6434166,8943641,2289572096,2289.572096,102,127,146,7,20260622_174405
1782143040.6534004,8943680,2289582080,2289.58208,105,0,145,7,20260622_174405
1782143040.6633844,8943719,2289592064,2289.592064,108,111,145,7,20260622_174405
1782143040.6733685,8943758,2289602048,2289.602048,111,28,145,7,20260622_174405
1782143040.6836083,8943798,2289612288,2289.612288,115,0,145,7,20260622_174405
1782143040.6935923,8943837,2289622272,2289.622272,118,34,146,7,20260622_174405
1782143040.7035766,8943876,2289632256,2289.632256,121,0,147,7,20260622_174405
1782143040.7135606,8943915,2289642240,2289.64224,124,0,148,7,20260622_174405
1782143040.7235446,8943954,2289652224,2289.652224,127,13,149,7,20260622_174405
1782143040.7335286,8943993,2289662208,2289.662208,130,0,149,7,20260622_174405
1782143040.7435126,8944032,2289672192,2289.672192,133,0,149,7,20260622_174405
1782143040.7534966,8944071,2289682176,2289.682176,136,0,149,7,20260622_174405
1782143040.7634804,8944110,2289692160,2289.69216,140,1,149,7,20260622_174405
1782143040.7737205,8944150,2289702400,2289.7024,143,28,149,7,20260622_174405
1782143040.7837043,8944189,2289712384,2289.712384,146,0,149,7,20260622_174405
1782143040.7936883,8944228,2289722368,2289.722368,149,0,149,7,20260622_174405
1782143040.8036726,8944267,2289732352,2289.732352,152,1,149,7,20260622_174405
1782143040.8136566,8944306,2289742336,2289.742336,155,0,149,7,20260622_174405
1782143040.8236406,8944345,2289752320,2289.75232,158,141,149,7,20260622_174405
1782143040.8336246,8944384,2289762304,2289.762304,161,0,149,7,20260622_174405
1782143040.8436086,8944423,2289772288,2289.772288,165,171,148,7,20260622_174405
1782143040.8535926,8944462,2289782272,2289.782272,168,2,149,7,20260622_174405
1782143040.863577,8944501,2289792256,2289.792256,171,0,149,7,20260622_174405
1782143040.8738165,8944541,2289802496,2289.802496,174,0,149,7,20260622_174405
1782143040.8838005,8944580,2289812480,2289.81248,177,139,149,7,20260622_174405
1782143040.8937843,8944619,2289822464,2289.822464,180,111,149,7,20260622_174405
1782143040.9037683,8944658,2289832448,2289.832448,183,21,149,7,20260622_174405
1782143040.9137526,8944697,2289842432,2289.842432,186,0,149,7,20260622_174405
1782143040.9237366,8944736,2289852416,2289.852416,190,131,149,7,20260622_174405
1782143040.9337206,8944775,2289862400,2289.8624,193,0,149,7,20260622_174405
1782143040.9437046,8944814,2289872384,2289.872384,196,126,149,7,20260622_174405
1782143040.9536886,8944853,2289882368,2289.882368,199,0,149,7,20260622_174405
1782143040.9639285,8944893,2289892608,2289.892608,202,103,149,7,20260622_174405
1782143040.9739125,8944932,2289902592,2289.902592,205,1,149,7,20260622_174405
1782143040.9838965,8944971,2289912576,2289.912576,208,113,149,7,20260622_174405
1782143040.9938805,8945010,2289922560,2289.92256,211,93,149,7,20260622_174405
1782143041.0038643,8945049,2289932544,2289.932544,215,0,149,7,20260622_174405
1782143041.0138483,8945088,2289942528,2289.942528,218,0,149,7,20260622_174405
1782143041.0238326,8945127,2289952512,2289.952512,221,140,149,7,20260622_174405
1782143041.0338166,8945166,2289962496,2289.962496,224,0,149,7,20260622_174405
1782143041.0438006,8945205,2289972480,2289.97248,227,100,149,7,20260622_174405
1782143041.0537846,8945244,2289982464,2289.982464,230,0,149,7,20260622_174405
1782143041.0640244,8945284,2289992704,2289.992704,233,0,149,7,20260622_174405
1782143041.0740085,8945323,2290002688,2290.002688,236,0,149,7,20260622_174405
1782143041.0839925,8945362,2290012672,2290.012672,240,0,149,7,20260622_174405
1782143041.0939765,8945401,2290022656,2290.022656,243,0,149,7,20260622_174405
1782143041.1039605,8945440,2290032640,2290.03264,246,9,149,7,20260622_174405
1782143041.1139443,8945479,2290042624,2290.042624,249,0,149,7,20260622_174405
1782143041.1239283,8945518,2290052608,2290.052608,252,6,149,7,20260622_174405
1782143041.1339126,8945557,2290062592,2290.062592,0,0,149,7,20260622_174405
1782143041.1438966,8945596,2290072576,2290.072576,3,9,149,7,20260622_174405
1782143041.1538806,8945635,2290082560,2290.08256,6,0,149,7,20260622_174405
1782143041.1641204,8945675,2290092800,2290.0928,10,1,149,7,20260622_174405
1782143041.1741045,8945714,2290102784,2290.102784,13,2,149,7,20260622_174405
1782143041.1840885,8945753,2290112768,2290.112768,16,0,149,7,20260622_174405
1782143041.1940725,8945792,2290122752,2290.122752,19,0,149,7,20260622_174405
1782143041.2040565,8945831,2290132736,2290.132736,22,15,149,7,20260622_174405
1782143041.2140405,8945870,2290142720,2290.14272,25,0,149,7,20260622_174405
1782143041.2240243,8945909,2290152704,2290.152704,28,168,149,7,20260622_174405
1782143041.2340086,8945948,2290162688,2290.162688,31,0,149,7,20260622_174405
1782143041.2439926,8945987,2290172672,2290.172672,35,170,149,7,20260622_174405
1782143041.2539766,8946026,2290182656,2290.182656,38,5,149,7,20260622_174405
1782143041.2642164,8946066,2290192896,2290.192896,41,0,149,7,20260622_174405
1782143041.2742004,8946105,2290202880,2290.20288,44,0,149,7,20260622_174405
1782143041.2841845,8946144,2290212864,2290.212864,47,177,149,7,20260622_174405
1782143041.2941685,8946183,2290222848,2290.222848,50,68,149,7,20260622_174405
1782143041.3041525,8946222,2290232832,2290.232832,53,0,149,7,20260622_174405
1782143041.3141365,8946261,2290242816,2290.242816,56,1,149,7,20260622_174405
1782143041.3241203,8946300,2290252800,2290.2528,60,16,149,7,20260622_174405
1782143041.3341043,8946339,2290262784,2290.262784,63,0,149,7,20260622_174405
1782143041.3440886,8946378,2290272768,2290.272768,66,114,149,7,20260622_174405
1782143041.3540726,8946417,2290282752,2290.282752,69,0,149,7,20260622_174405
1782143041.3643126,8946457,2290292992,2290.292992,72,99,149,7,20260622_174405
1782143041.3742964,8946496,2290302976,2290.302976,75,7,149,7,20260622_174405
1782143041.3842804,8946535,2290312960,2290.31296,78,27,149,7,20260622_174405
1782143041.3942645,8946574,2290322944,2290.322944,81,0,149,7,20260622_174405
1782143041.4042485,8946613,2290332928,2290.332928,84,0,149,7,20260622_174405
1782143041.4142325,8946652,2290342912,2290.342912,88,0,149,7,20260622_174405
1782143041.4242165,8946691,2290352896,2290.352896,91,91,149,7,20260622_174405
1782143041.4342003,8946730,2290362880,2290.36288,94,0,149,7,20260622_174405
1782143041.4441843,8946769,2290372864,2290.372864,97,99,149,7,20260622_174405
1782143041.4541686,8946808,2290382848,2290.382848,100,0,149,7,20260622_174405
1782143041.4644086,8946848,2290393088,2290.393088,103,98,149,7,20260622_174405
1782143041.474393,8946887,2290403072,2290.403072,106,0,149,7,20260622_174405
1782143041.4843764,8946926,2290413056,2290.413056,109,1,149,7,20260622_174405
1782143041.4943604,8946965,2290423040,2290.42304,113,68,149,7,20260622_174405
1782143041.5043445,8947004,2290433024,2290.433024,116,0,149,7,20260622_174405
1782143041.5143285,8947043,2290443008,2290.443008,119,5,149,7,20260622_174405
1782143041.5243125,8947082,2290452992,2290.452992,122,8,149,7,20260622_174405
1782143041.5342965,8947121,2290462976,2290.462976,125,0,149,7,20260622_174405
1782143041.5442803,8947160,2290472960,2290.47296,128,82,149,7,20260622_174405
1782143041.5542643,8947199,2290482944,2290.482944,131,0,149,7,20260622_174405
1782143041.5645046,8947239,2290493184,2290.493184,134,0,149,7,20260622_174405
1782143041.5744886,8947278,2290503168,2290.503168,138,0,149,7,20260622_174405
1782143041.5844724,8947317,2290513152,2290.513152,141,0,149,7,20260622_174405
1782143041.5944564,8947356,2290523136,2290.523136,144,0,149,7,20260622_174405
1782143041.6044405,8947395,2290533120,2290.53312,147,0,149,7,20260622_174405
1782143041.6144245,8947434,2290543104,2290.543104,150,0,149,7,20260622_174405
1782143041.6244085,8947473,2290553088,2290.553088,153,6,149,7,20260622_174405
1782143041.6343925,8947512,2290563072,2290.563072,156,0,149,7,20260622_174405
1782143041.6443765,8947551,2290573056,2290.573056,159,161,149,7,20260622_174405
1782143041.6543603,8947590,2290583040,2290.58304,163,0,149,7,20260622_174405
1782143041.6646006,8947630,2290593280,2290.59328,166,175,149,7,20260622_174405
1782143041.6745846,8947669,2290603264,2290.603264,169,5,149,7,20260622_174405
1782143041.6845686,8947708,2290613248,2290.613248,172,155,149,7,20260622_174405
1782143039.6237357,8712035,2230280960,2230.28096,143,0,149,8,20260622_174405
1782143039.6337197,8712074,2230290944,2230.290944,146,0,149,8,20260622_174405
1782143039.6437037,8712113,2230300928,2230.300928,149,1,149,8,20260622_174405
1782143039.6536877,8712152,2230310912,2230.310912,152,253,149,8,20260622_174405
1782143039.6636715,8712191,2230320896,2230.320896,155,163,149,8,20260622_174405
1782143039.6736555,8712230,2230330880,2230.33088,159,110,149,8,20260622_174405
1782143039.6836395,8712269,2230340864,2230.340864,162,103,149,8,20260622_174405
1782143039.6938796,8712309,2230351104,2230.351104,165,78,149,8,20260622_174405
1782143039.7038636,8712348,2230361088,2230.361088,168,52,149,8,20260622_174405
1782143039.7138476,8712387,2230371072,2230.371072,171,1,149,8,20260622_174405
1782143039.7238317,8712426,2230381056,2230.381056,175,1,149,8,20260622_174405
1782143039.7338157,8712465,2230391040,2230.39104,178,0,149,8,20260622_174405
1782143039.7437997,8712504,2230401024,2230.401024,181,109,149,8,20260622_174405
1782143039.7537837,8712543,2230411008,2230.411008,184,198,149,8,20260622_174405
1782143039.7637675,8712582,2230420992,2230.420992,187,76,149,8,20260622_174405
1782143039.7737515,8712621,2230430976,2230.430976,191,0,149,8,20260622_174405
1782143039.7837355,8712660,2230440960,2230.44096,194,97,149,8,20260622_174405
1782143039.7937195,8712699,2230450944,2230.450944,197,126,149,8,20260622_174405
1782143039.8039596,8712739,2230461184,2230.461184,200,1,149,8,20260622_174405
1782143039.8139436,8712778,2230471168,2230.471168,203,110,149,8,20260622_174405
1782143039.8239276,8712817,2230481152,2230.481152,207,1,149,8,20260622_174405
1782143039.8339117,8712856,2230491136,2230.491136,210,117,149,8,20260622_174405
1782143039.8438957,8712895,2230501120,2230.50112,213,0,149,8,20260622_174405
1782143039.8538797,8712934,2230511104,2230.511104,216,130,149,8,20260622_174405
1782143039.8638637,8712973,2230521088,2230.521088,219,23,149,8,20260622_174405
1782143039.8738475,8713012,2230531072,2230.531072,223,0,149,8,20260622_174405
1782143039.8838315,8713051,2230541056,2230.541056,226,114,149,8,20260622_174405
1782143039.8938155,8713090,2230551040,2230.55104,229,76,149,8,20260622_174405
1782143039.9040556,8713130,2230561280,2230.56128,232,0,149,8,20260622_174405
1782143039.9140396,8713169,2230571264,2230.571264,235,115,149,8,20260622_174405
1782143039.9240236,8713208,2230581248,2230.581248,238,0,149,8,20260622_174405
1782143039.9340076,8713247,2230591232,2230.591232,242,26,149,8,20260622_174405
1782143039.9439917,8713286,2230601216,2230.601216,245,59,149,8,20260622_174405
1782143039.9539757,8713325,2230611200,2230.6112,248,0,149,8,20260622_174405
1782143039.9639597,8713364,2230621184,2230.621184,251,1,149,8,20260622_174405
1782143039.9739437,8713403,2230631168,2230.631168,254,0,149,8,20260622_174405
1782143039.9839275,8713442,2230641152,2230.641152,3,0,149,8,20260622_174405
1782143039.9939115,8713481,2230651136,2230.651136,6,68,149,8,20260622_174405
1782143040.0038955,8713520,2230661120,2230.66112,9,1,149,8,20260622_174405
1782143040.0141356,8713560,2230671360,2230.67136,12,1,149,8,20260622_174405
1782143040.0241196,8713599,2230681344,2230.681344,15,9,149,8,20260622_174405
1782143040.0341036,8713638,2230691328,2230.691328,18,1,149,8,20260622_174405
1782143040.0440876,8713677,2230701312,2230.701312,22,0,149,8,20260622_174405
1782143040.0540717,8713716,2230711296,2230.711296,25,0,149,8,20260622_174405
1782143040.0640557,8713755,2230721280,2230.72128,28,0,149,8,20260622_174405
1782143040.0740397,8713794,2230731264,2230.731264,31,136,149,8,20260622_174405
1782143040.0840237,8713833,2230741248,2230.741248,34,1,149,8,20260622_174405
1782143040.0940075,8713872,2230751232,2230.751232,38,102,149,8,20260622_174405
1782143040.1039915,8713911,2230761216,2230.761216,41,0,149,8,20260622_174405
1782143040.1142316,8713951,2230771456,2230.771456,44,183,149,8,20260622_174405
1782143040.1242156,8713990,2230781440,2230.78144,47,49,149,8,20260622_174405
1782143040.1341996,8714029,2230791424,2230.791424,50,0,149,8,20260622_174405
1782143040.1441836,8714068,2230801408,2230.801408,54,92,149,8,20260622_174405
1782143040.1541677,8714107,2230811392,2230.811392,57,0,149,8,20260622_174405
1782143040.1641517,8714146,2230821376,2230.821376,60,1,149,8,20260622_174405
1782143040.1741357,8714185,2230831360,2230.83136,63,85,149,8,20260622_174405
1782143040.1841197,8714224,2230841344,2230.841344,66,0,149,8,20260622_174405
1782143040.1941037,8714263,2230851328,2230.851328,70,123,149,8,20260622_174405
1782143040.2040875,8714302,2230861312,2230.861312,73,0,149,8,20260622_174405
1782143040.2140715,8714341,2230871296,2230.871296,76,122,149,8,20260622_174405
1782143040.2243116,8714381,2230881536,2230.881536,79,94,149,8,20260622_174405
1782143040.2342956,8714420,2230891520,2230.89152,82,107,149,8,20260622_174405
1782143040.2442796,8714459,2230901504,2230.901504,89,0,149,8,20260622_174405
1782143040.2542636,8714498,2230911488,2230.911488,92,12,149,8,20260622_174405
1782143040.2642477,8714537,2230921472,2230.921472,95,0,149,8,20260622_174405
1782143040.2742317,8714576,2230931456,2230.931456,98,133,149,8,20260622_174405
1782143040.2842157,8714615,2230941440,2230.94144,101,0,149,8,20260622_174405
1782143040.2941997,8714654,2230951424,2230.951424,105,94,149,8,20260622_174405
1782143040.3041835,8714693,2230961408,2230.961408,108,3,149,8,20260622_174405
1782143040.3141675,8714732,2230971392,2230.971392,111,0,149,8,20260622_174405
1782143040.3244076,8714772,2230981632,2230.981632,114,20,149,8,20260622_174405
1782143040.3343916,8714811,2230991616,2230.991616,117,0,149,8,20260622_174405
1782143040.3443756,8714850,2231001600,2231.0016,121,0,149,8,20260622_174405
1782143040.3543596,8714889,2231011584,2231.011584,124,6,149,8,20260622_174405
1782143040.3643436,8714928,2231021568,2231.021568,127,1,149,8,20260622_174405
1782143040.3743277,8714967,2231031552,2231.031552,130,0,149,8,20260622_174405
1782143040.3843117,8715006,2231041536,2231.041536,133,0,149,8,20260622_174405
1782143040.3942957,8715045,2231051520,2231.05152,137,1,149,8,20260622_174405
1782143040.4042797,8715084,2231061504,2231.061504,140,1,149,8,20260622_174405
1782143040.4142635,8715123,2231071488,2231.071488,143,0,149,8,20260622_174405
1782143040.4242475,8715162,2231081472,2231.081472,146,0,149,8,20260622_174405
1782143040.4344876,8715202,2231091712,2231.091712,149,0,149,8,20260622_174405
1782143040.4444716,8715241,2231101696,2231.101696,152,0,149,8,20260622_174405
1782143040.4544556,8715280,2231111680,2231.11168,156,181,149,8,20260622_174405
1782143040.4644396,8715319,2231121664,2231.121664,159,1,149,8,20260622_174405
1782143040.4744236,8715358,2231131648,2231.131648,162,8,149,8,20260622_174405
1782143040.4844077,8715397,2231141632,2231.141632,165,45,149,8,20260622_174405
1782143040.4943917,8715436,2231151616,2231.151616,168,0,149,8,20260622_174405
1782143040.5043757,8715475,2231161600,2231.1616,172,77,149,8,20260622_174405
1782143040.5143597,8715514,2231171584,2231.171584,175,170,149,8,20260622_174405
1782143040.5243435,8715553,2231181568,2231.181568,178,0,149,8,20260622_174405
1782143040.5345836,8715593,2231191808,2231.191808,181,140,149,8,20260622_174405
1782143040.5445676,8715632,2231201792,2231.201792,184,0,149,8,20260622_174405
1782143040.5545516,8715671,2231211776,2231.211776,188,132,149,8,20260622_174405
1782143040.5645356,8715710,2231221760,2231.22176,191,0,149,8,20260622_174405
1782143040.5745196,8715749,2231231744,2231.231744,194,109,149,8,20260622_174405
1782143040.5845037,8715788,2231241728,2231.241728,197,18,149,8,20260622_174405
1782143040.5944877,8715827,2231251712,2231.251712,200,118,149,8,20260622_174405
1782143040.6044717,8715866,2231261696,2231.261696,203,25,149,8,20260622_174405
1782143040.6144557,8715905,2231271680,2231.27168,207,33,149,8,20260622_174405
1782143040.6244397,8715944,2231281664,2231.281664,210,1,149,8,20260622_174405
1782143040.6344235,8715983,2231291648,2231.291648,213,137,149,8,20260622_174405
1782143040.6446636,8716023,2231301888,2231.301888,216,0,149,8,20260622_174405
1782143040.6546476,8716062,2231311872,2231.311872,219,77,149,8,20260622_174405
1782143040.6646316,8716101,2231321856,2231.321856,223,0,149,8,20260622_174405
1782143040.6746156,8716140,2231331840,2231.33184,226,126,149,8,20260622_174405
1782143040.6845996,8716179,2231341824,2231.341824,229,11,149,8,20260622_174405
1782143040.6945837,8716218,2231351808,2231.351808,232,0,149,8,20260622_174405
1782143040.7045677,8716257,2231361792,2231.361792,235,1,149,8,20260622_174405
1782143040.7145517,8716296,2231371776,2231.371776,239,0,149,8,20260622_174405
1782143040.7245357,8716335,2231381760,2231.38176,242,0,149,8,20260622_174405
1782143040.7345195,8716374,2231391744,2231.391744,245,147,149,8,20260622_174405
1782143040.7447596,8716414,2231401984,2231.401984,248,13,149,8,20260622_174405
1782143040.7547436,8716453,2231411968,2231.411968,251,0,149,8,20260622_174405
1782143040.7647276,8716492,2231421952,2231.421952,0,1,149,8,20260622_174405
1782143040.7747116,8716531,2231431936,2231.431936,3,0,149,8,20260622_174405
1782143040.7846956,8716570,2231441920,2231.44192,6,1,149,8,20260622_174405
1782143040.7946796,8716609,2231451904,2231.451904,9,25,149,8,20260622_174405
1782143040.8046637,8716648,2231461888,2231.461888,12,0,149,8,20260622_174405
1782143040.8146477,8716687,2231471872,2231.471872,15,0,149,8,20260622_174405
1782143040.8246317,8716726,2231481856,2231.481856,19,0,149,8,20260622_174405
1782143040.8346157,8716765,2231491840,2231.49184,22,1,149,8,20260622_174405
1782143040.8448555,8716805,2231502080,2231.50208,25,79,149,8,20260622_174405
1782143040.8548396,8716844,2231512064,2231.512064,28,0,149,8,20260622_174405
1782143040.8648236,8716883,2231522048,2231.522048,31,0,149,8,20260622_174405
1782143040.8748076,8716922,2231532032,2231.532032,35,0,149,8,20260622_174405
1782143040.8847916,8716961,2231542016,2231.542016,38,0,149,8,20260622_174405
1782143040.8947756,8717000,2231552000,2231.552,41,138,149,8,20260622_174405
1782143040.9047596,8717039,2231561984,2231.561984,44,0,149,8,20260622_174405
1782143040.9147437,8717078,2231571968,2231.571968,47,149,149,8,20260622_174405
1782143040.9247277,8717117,2231581952,2231.581952,51,39,149,8,20260622_174405
1782143040.9347117,8717156,2231591936,2231.591936,54,151,149,8,20260622_174405
1782143040.9449515,8717196,2231602176,2231.602176,57,49,149,8,20260622_174405
1782143040.9549356,8717235,2231612160,2231.61216,60,0,149,8,20260622_174405
1782143040.9649196,8717274,2231622144,2231.622144,63,117,149,8,20260622_174405
1782143040.9749036,8717313,2231632128,2231.632128,66,73,149,8,20260622_174405
1782143040.9848876,8717352,2231642112,2231.642112,70,0,149,8,20260622_174405
1782143040.9948716,8717391,2231652096,2231.652096,73,48,149,8,20260622_174405
1782143041.0048556,8717430,2231662080,2231.66208,76,0,149,8,20260622_174405
1782143041.0148396,8717469,2231672064,2231.672064,79,129,149,8,20260622_174405
1782143041.0248237,8717508,2231682048,2231.682048,82,0,149,8,20260622_174405
1782143041.0348077,8717547,2231692032,2231.692032,86,86,149,8,20260622_174405
1782143041.0447917,8717586,2231702016,2231.702016,89,3,149,8,20260622_174405
1782143041.0550315,8717626,2231712256,2231.712256,92,0,149,8,20260622_174405
1782143041.0650156,8717665,2231722240,2231.72224,95,0,149,8,20260622_174405
1782143041.0749996,8717704,2231732224,2231.732224,98,85,149,8,20260622_174405
1782143041.0849836,8717743,2231742208,2231.742208,102,0,149,8,20260622_174405
1782143041.0949676,8717782,2231752192,2231.752192,105,67,149,8,20260622_174405
1782143041.1049516,8717821,2231762176,2231.762176,108,0,149,8,20260622_174405
1782143041.1149356,8717860,2231772160,2231.77216,111,168,149,8,20260622_174405
1782143041.1249197,8717899,2231782144,2231.782144,114,52,149,8,20260622_174405
1782143041.1349037,8717938,2231792128,2231.792128,117,0,149,8,20260622_174405
1782143041.1448877,8717977,2231802112,2231.802112,121,0,149,8,20260622_174405
1782143041.1548717,8718016,2231812096,2231.812096,124,3,149,8,20260622_174405
1782143041.1651115,8718056,2231822336,2231.822336,127,1,149,8,20260622_174405
1782143041.1750956,8718095,2231832320,2231.83232,130,89,149,8,20260622_174405
1782143041.1850796,8718134,2231842304,2231.842304,133,1,149,8,20260622_174405
1782143041.1950636,8718173,2231852288,2231.852288,137,1,149,8,20260622_174405
1782143041.2050476,8718212,2231862272,2231.862272,140,14,149,8,20260622_174405
1782143041.2150316,8718251,2231872256,2231.872256,143,1,149,8,20260622_174405
1782143041.2250156,8718290,2231882240,2231.88224,146,0,149,8,20260622_174405
1782143041.2349997,8718329,2231892224,2231.892224,149,1,149,8,20260622_174405
1782143041.2449837,8718368,2231902208,2231.902208,153,0,149,8,20260622_174405
1782143041.2552235,8718408,2231912448,2231.912448,156,182,149,8,20260622_174405
1782143041.2652075,8718447,2231922432,2231.922432,159,0,149,8,20260622_174405
1782143041.2751915,8718486,2231932416,2231.932416,162,177,149,8,20260622_174405
1782143041.2851756,8718525,2231942400,2231.9424,165,16,149,8,20260622_174405
1782143041.2951596,8718564,2231952384,2231.952384,169,166,149,8,20260622_174405
1782143041.3051436,8718603,2231962368,2231.962368,172,107,149,8,20260622_174405
1782143041.3151276,8718642,2231972352,2231.972352,175,0,149,8,20260622_174405
1782143041.3251116,8718681,2231982336,2231.982336,178,105,149,8,20260622_174405
1782143041.3350956,8718720,2231992320,2231.99232,181,17,149,8,20260622_174405
1782143041.3450797,8718759,2232002304,2232.002304,184,0,149,8,20260622_174405
1782143041.3550637,8718798,2232012288,2232.012288,188,65,149,8,20260622_174405
1782143041.3653035,8718838,2232022528,2232.022528,191,3,149,8,20260622_174405
1782143041.3752875,8718877,2232032512,2232.032512,194,106,149,8,20260622_174405
1782143041.3852715,8718916,2232042496,2232.042496,197,0,149,8,20260622_174405
1782143041.3952556,8718955,2232052480,2232.05248,200,109,149,8,20260622_174405
1782143041.4052396,8718994,2232062464,2232.062464,204,0,149,8,20260622_174405
1782143041.4152236,8719033,2232072448,2232.072448,207,130,150,8,20260622_174405
1782143041.4252076,8719072,2232082432,2232.082432,210,0,149,8,20260622_174405
1782143041.4351916,8719111,2232092416,2232.092416,213,98,149,8,20260622_174405
1782143041.4451756,8719150,2232102400,2232.1024,216,87,149,8,20260622_174405
1782143041.4551597,8719189,2232112384,2232.112384,220,96,149,8,20260622_174405
1782143041.4651437,8719228,2232122368,2232.122368,223,0,149,8,20260622_174405
1782143041.4753835,8719268,2232132608,2232.132608,226,108,149,8,20260622_174405
1782143041.4853675,8719307,2232142592,2232.142592,229,13,149,8,20260622_174405
1782143041.4953516,8719346,2232152576,2232.152576,232,0,149,8,20260622_174405
1782143041.5053356,8719385,2232162560,2232.16256,235,0,149,8,20260622_174405
1782143041.5153196,8719424,2232172544,2232.172544,239,0,149,8,20260622_174405
1782143041.5253036,8719463,2232182528,2232.182528,242,0,149,8,20260622_174405
1782143041.5352876,8719502,2232192512,2232.192512,245,31,149,8,20260622_174405
1782143041.5452716,8719541,2232202496,2232.202496,248,0,149,8,20260622_174405
1782143041.5552557,8719580,2232212480,2232.21248,251,0,149,8,20260622_174405
1782143041.5652397,8719619,2232222464,2232.222464,0,0,149,8,20260622_174405
1782143041.5754795,8719659,2232232704,2232.232704,3,0,149,8,20260622_174405
1782143041.5854635,8719698,2232242688,2232.242688,6,0,149,8,20260622_174405
1782143041.5954475,8719737,2232252672,2232.252672,9,1,149,8,20260622_174405
1782143041.6054316,8719776,2232262656,2232.262656,12,0,149,8,20260622_174405
1782143041.6154156,8719815,2232272640,2232.27264,16,0,149,8,20260622_174405
1782143041.6253996,8719854,2232282624,2232.282624,19,0,149,8,20260622_174405
1782143041.6353836,8719893,2232292608,2232.292608,22,0,149,8,20260622_174405
1782143041.6453676,8719932,2232302592,2232.302592,25,45,149,8,20260622_174405
1782143041.6553516,8719971,2232312576,2232.312576,28,0,149,8,20260622_174405
1782143041.6653357,8720010,2232322560,2232.32256,31,65,149,8,20260622_174405
1782143041.6753197,8720049,2232332544,2232.332544,35,0,149,8,20260622_174405
1782143041.6855595,8720089,2232342784,2232.342784,38,113,149,8,20260622_174405
1782143039.6288466,9605907,2459112192,2459.112192,50,0,151,9,20260622_174405
1782143039.638831,9605946,2459122176,2459.122176,53,1,151,9,20260622_174405
1782143039.648815,9605985,2459132160,2459.13216,56,0,151,9,20260622_174405
1782143039.6587987,9606024,2459142144,2459.142144,59,13,151,9,20260622_174405
1782143039.6687827,9606063,2459152128,2459.152128,62,225,151,9,20260622_174405
1782143039.6787667,9606102,2459162112,2459.162112,65,147,151,9,20260622_174405
1782143039.6887507,9606141,2459172096,2459.172096,69,43,151,9,20260622_174405
1782143039.6989908,9606181,2459182336,2459.182336,72,90,151,9,20260622_174405
1782143039.7089748,9606220,2459192320,2459.19232,75,0,151,9,20260622_174405
1782143039.7189586,9606259,2459202304,2459.202304,78,0,151,9,20260622_174405
1782143039.7289426,9606298,2459212288,2459.212288,81,0,151,9,20260622_174405
1782143039.7389266,9606337,2459222272,2459.222272,85,0,151,9,20260622_174405
1782143039.748911,9606376,2459232256,2459.232256,88,235,151,9,20260622_174405
1782143039.7588947,9606415,2459242240,2459.24224,91,0,151,9,20260622_174405
1782143039.7688787,9606454,2459252224,2459.252224,94,145,151,9,20260622_174405
1782143039.7788627,9606493,2459262208,2459.262208,97,0,151,9,20260622_174405
1782143039.7888467,9606532,2459272192,2459.272192,101,78,149,9,20260622_174405
1782143039.7990868,9606572,2459282432,2459.282432,104,98,145,9,20260622_174405
1782143039.8090708,9606611,2459292416,2459.292416,107,0,142,9,20260622_174405
1782143039.8190548,9606650,2459302400,2459.3024,110,60,142,9,20260622_174405
1782143039.8290386,9606689,2459312384,2459.312384,113,62,144,9,20260622_174405
1782143039.8390226,9606728,2459322368,2459.322368,116,0,144,9,20260622_174405
1782143039.849007,9606767,2459332352,2459.332352,120,153,146,9,20260622_174405
1782143039.858991,9606806,2459342336,2459.342336,123,0,147,9,20260622_174405
1782143039.8689747,9606845,2459352320,2459.35232,126,0,149,9,20260622_174405
1782143039.8789587,9606884,2459362304,2459.362304,129,8,150,9,20260622_174405
1782143039.8889427,9606923,2459372288,2459.372288,132,0,151,9,20260622_174405
1782143039.8989267,9606962,2459382272,2459.382272,135,28,151,9,20260622_174405
1782143039.9091668,9607002,2459392512,2459.392512,139,1,151,9,20260622_174405
1782143039.9191508,9607041,2459402496,2459.402496,142,0,151,9,20260622_174405
1782143039.9291348,9607080,2459412480,2459.41248,145,2,151,9,20260622_174405
1782143039.9391186,9607119,2459422464,2459.422464,148,1,151,9,20260622_174405
1782143039.9491026,9607158,2459432448,2459.432448,152,31,151,9,20260622_174405
1782143039.959087,9607197,2459442432,2459.442432,155,1,151,9,20260622_174405
1782143039.969071,9607236,2459452416,2459.452416,158,177,151,9,20260622_174405
1782143039.9790547,9607275,2459462400,2459.4624,161,74,151,9,20260622_174405
1782143039.9890387,9607314,2459472384,2459.472384,164,100,151,9,20260622_174405
1782143039.9990227,9607353,2459482368,2459.482368,168,0,151,9,20260622_174405
1782143040.0092628,9607393,2459492608,2459.492608,171,175,151,9,20260622_174405
1782143040.0192468,9607432,2459502592,2459.502592,174,3,151,9,20260622_174405
1782143040.0292308,9607471,2459512576,2459.512576,177,65,151,9,20260622_174405
1782143040.0392146,9607510,2459522560,2459.52256,180,4,151,9,20260622_174405
1782143040.0491986,9607549,2459532544,2459.532544,183,127,151,9,20260622_174405
1782143040.0591826,9607588,2459542528,2459.542528,187,0,151,9,20260622_174405
1782143040.069167,9607627,2459552512,2459.552512,190,102,151,9,20260622_174405
1782143040.079151,9607666,2459562496,2459.562496,193,1,151,9,20260622_174405
1782143040.0891347,9607705,2459572480,2459.57248,199,133,151,9,20260622_174405
1782143040.0991187,9607744,2459582464,2459.582464,203,30,151,9,20260622_174405
1782143040.1093588,9607784,2459592704,2459.592704,206,52,151,9,20260622_174405
1782143040.1193428,9607823,2459602688,2459.602688,209,97,151,9,20260622_174405
1782143040.1293268,9607862,2459612672,2459.612672,212,116,151,9,20260622_174405
1782143040.1393108,9607901,2459622656,2459.622656,215,53,151,9,20260622_174405
1782143040.1492946,9607940,2459632640,2459.63264,219,78,151,9,20260622_174405
1782143040.1592786,9607979,2459642624,2459.642624,222,33,151,9,20260622_174405
1782143040.1692626,9608018,2459652608,2459.652608,225,22,151,9,20260622_174405
1782143040.179247,9608057,2459662592,2459.662592,228,1,151,9,20260622_174405
1782143040.189231,9608096,2459672576,2459.672576,231,77,151,9,20260622_174405
1782143040.1992147,9608135,2459682560,2459.68256,234,0,151,9,20260622_174405
1782143040.2091987,9608174,2459692544,2459.692544,238,56,151,9,20260622_174405
1782143040.2194388,9608214,2459702784,2459.702784,241,0,151,9,20260622_174405
1782143040.2294228,9608253,2459712768,2459.712768,244,0,151,9,20260622_174405
1782143040.2394068,9608292,2459722752,2459.722752,247,3,151,9,20260622_174405
1782143040.2493908,9608331,2459732736,2459.732736,250,0,151,9,20260622_174405
1782143040.2593746,9608370,2459742720,2459.74272,254,1,151,9,20260622_174405
1782143040.2693586,9608409,2459752704,2459.752704,2,36,151,9,20260622_174405
1782143040.279343,9608448,2459762688,2459.762688,5,0,151,9,20260622_174405
1782143040.289327,9608487,2459772672,2459.772672,8,0,151,9,20260622_174405
1782143040.2993107,9608526,2459782656,2459.782656,11,1,151,9,20260622_174405
1782143040.3092947,9608565,2459792640,2459.79264,15,1,151,9,20260622_174405
1782143040.3195348,9608605,2459802880,2459.80288,18,39,151,9,20260622_174405
1782143040.3295188,9608644,2459812864,2459.812864,21,0,151,9,20260622_174405
1782143040.3395028,9608683,2459822848,2459.822848,24,0,151,9,20260622_174405
1782143040.3494868,9608722,2459832832,2459.832832,27,23,151,9,20260622_174405
1782143040.3594708,9608761,2459842816,2459.842816,31,1,151,9,20260622_174405
1782143040.3694546,9608800,2459852800,2459.8528,34,72,151,9,20260622_174405
1782143040.3794386,9608839,2459862784,2459.862784,37,0,151,9,20260622_174405
1782143040.389423,9608878,2459872768,2459.872768,40,111,151,9,20260622_174405
1782143040.399407,9608917,2459882752,2459.882752,43,0,151,9,20260622_174405
1782143040.4093907,9608956,2459892736,2459.892736,46,109,151,9,20260622_174405
1782143040.4193747,9608995,2459902720,2459.90272,50,5,151,9,20260622_174405
1782143040.4296148,9609035,2459912960,2459.91296,53,173,151,9,20260622_174405
1782143040.4395988,9609074,2459922944,2459.922944,56,43,151,9,20260622_174405
1782143040.4495828,9609113,2459932928,2459.932928,59,104,151,9,20260622_174405
1782143040.4595668,9609152,2459942912,2459.942912,62,51,151,9,20260622_174405
1782143040.4695508,9609191,2459952896,2459.952896,66,104,151,9,20260622_174405
1782143040.4795346,9609230,2459962880,2459.96288,69,0,151,9,20260622_174405
1782143040.4895186,9609269,2459972864,2459.972864,72,26,151,9,20260622_174405
1782143040.499503,9609308,2459982848,2459.982848,75,0,151,9,20260622_174405
1782143040.509487,9609347,2459992832,2459.992832,78,35,151,9,20260622_174405
1782143040.5194707,9609386,2460002816,2460.002816,82,1,151,9,20260622_174405
1782143040.5297108,9609426,2460013056,2460.013056,85,64,151,9,20260622_174405
1782143040.5396948,9609465,2460023040,2460.02304,88,37,151,9,20260622_174405
1782143040.5496788,9609504,2460033024,2460.033024,91,0,151,9,20260622_174405
1782143040.5596628,9609543,2460043008,2460.043008,94,45,151,9,20260622_174405
1782143040.5696468,9609582,2460052992,2460.052992,97,0,151,9,20260622_174405
1782143040.5796306,9609621,2460062976,2460.062976,101,94,151,9,20260622_174405
1782143040.5896146,9609660,2460072960,2460.07296,104,0,151,9,20260622_174405
1782143040.5995986,9609699,2460082944,2460.082944,107,0,151,9,20260622_174405
1782143040.609583,9609738,2460092928,2460.092928,110,78,151,9,20260622_174405
1782143040.619567,9609777,2460102912,2460.102912,113,0,151,9,20260622_174405
1782143040.6298068,9609817,2460113152,2460.113152,117,91,151,9,20260622_174405
1782143040.6397908,9609856,2460123136,2460.123136,120,0,151,9,20260622_174405
1782143040.6497748,9609895,2460133120,2460.13312,123,45,151,9,20260622_174405
1782143040.6597588,9609934,2460143104,2460.143104,126,3,151,9,20260622_174405
1782143040.6697428,9609973,2460153088,2460.153088,129,1,151,9,20260622_174405
1782143040.6797268,9610012,2460163072,2460.163072,133,0,151,9,20260622_174405
1782143040.6897106,9610051,2460173056,2460.173056,136,0,151,9,20260622_174405
1782143040.6996946,9610090,2460183040,2460.18304,139,1,151,9,20260622_174405
1782143040.7096786,9610129,2460193024,2460.193024,142,1,151,9,20260622_174405
1782143040.719663,9610168,2460203008,2460.203008,145,0,151,9,20260622_174405
1782143040.7296467,9610207,2460212992,2460.212992,148,0,151,9,20260622_174405
1782143040.7398868,9610247,2460223232,2460.223232,152,2,151,9,20260622_174405
1782143040.7498708,9610286,2460233216,2460.233216,155,0,151,9,20260622_174405
1782143040.7598548,9610325,2460243200,2460.2432,158,11,151,9,20260622_174405
1782143040.7698388,9610364,2460253184,2460.253184,161,0,151,9,20260622_174405
1782143040.7798228,9610403,2460263168,2460.263168,164,111,151,9,20260622_174405
1782143040.7898068,9610442,2460273152,2460.273152,168,0,151,9,20260622_174405
1782143040.7997906,9610481,2460283136,2460.283136,171,1,151,9,20260622_174405
1782143040.8097746,9610520,2460293120,2460.29312,174,10,151,9,20260622_174405
1782143040.819759,9610559,2460303104,2460.303104,177,0,151,9,20260622_174405
1782143040.829743,9610598,2460313088,2460.313088,180,56,151,9,20260622_174405
1782143040.8399827,9610638,2460323328,2460.323328,184,0,151,9,20260622_174405
1782143040.8499668,9610677,2460333312,2460.333312,187,109,151,9,20260622_174405
1782143040.8599508,9610716,2460343296,2460.343296,190,2,151,9,20260622_174405
1782143040.8699348,9610755,2460353280,2460.35328,193,108,151,9,20260622_174405
1782143040.8799188,9610794,2460363264,2460.363264,196,35,151,9,20260622_174405
1782143040.8899028,9610833,2460373248,2460.373248,200,94,151,9,20260622_174405
1782143040.8998868,9610872,2460383232,2460.383232,203,62,151,9,20260622_174405
1782143040.9098706,9610911,2460393216,2460.393216,206,69,152,9,20260622_174405
1782143040.9198546,9610950,2460403200,2460.4032,209,0,151,9,20260622_174405
1782143040.929839,9610989,2460413184,2460.413184,212,89,151,9,20260622_174405
1782143040.9400787,9611029,2460423424,2460.423424,215,0,151,9,20260622_174405
1782143040.9500628,9611068,2460433408,2460.433408,219,79,151,9,20260622_174405
1782143040.9600468,9611107,2460443392,2460.443392,222,0,151,9,20260622_174405
1782143040.9700308,9611146,2460453376,2460.453376,225,76,152,9,20260622_174405
1782143040.9800148,9611185,2460463360,2460.46336,228,46,151,9,20260622_174405
1782143040.9899988,9611224,2460473344,2460.473344,231,1,151,9,20260622_174405
1782143040.9999828,9611263,2460483328,2460.483328,235,66,151,9,20260622_174405
1782143041.0099666,9611302,2460493312,2460.493312,238,0,151,9,20260622_174405
1782143041.0199506,9611341,2460503296,2460.503296,241,1,151,9,20260622_174405
1782143041.0299346,9611380,2460513280,2460.51328,244,0,151,9,20260622_174405
1782143041.039919,9611419,2460523264,2460.523264,247,0,151,9,20260622_174405
1782143041.0501587,9611459,2460533504,2460.533504,251,132,151,9,20260622_174405
1782143041.0601428,9611498,2460543488,2460.543488,254,3,151,9,20260622_174405
1782143041.0701268,9611537,2460553472,2460.553472,2,0,151,9,20260622_174405
1782143041.0801108,9611576,2460563456,2460.563456,5,0,151,9,20260622_174405
1782143041.0900948,9611615,2460573440,2460.57344,8,1,151,9,20260622_174405
1782143041.1000788,9611654,2460583424,2460.583424,11,3,151,9,20260622_174405
1782143041.1100628,9611693,2460593408,2460.593408,15,1,151,9,20260622_174405
1782143041.1200466,9611732,2460603392,2460.603392,18,0,152,9,20260622_174405
1782143041.1300306,9611771,2460613376,2460.613376,21,17,151,9,20260622_174405
1782143041.1400146,9611810,2460623360,2460.62336,24,1,151,9,20260622_174405
1782143041.1502547,9611850,2460633600,2460.6336,27,40,151,9,20260622_174405
1782143041.1602387,9611889,2460643584,2460.643584,31,1,151,9,20260622_174405
1782143041.1702228,9611928,2460653568,2460.653568,34,101,151,9,20260622_174405
1782143041.1802068,9611967,2460663552,2460.663552,37,0,151,9,20260622_174405
1782143041.1901908,9612006,2460673536,2460.673536,40,0,151,9,20260622_174405
1782143041.2001748,9612045,2460683520,2460.68352,43,0,151,9,20260622_174405
1782143041.2101588,9612084,2460693504,2460.693504,47,116,151,9,20260622_174405
1782143041.2201428,9612123,2460703488,2460.703488,50,0,151,9,20260622_174405
1782143041.2301266,9612162,2460713472,2460.713472,53,2,151,9,20260622_174405
1782143041.2401106,9612201,2460723456,2460.723456,56,1,151,9,20260622_174405
1782143041.2503507,9612241,2460733696,2460.733696,59,65,151,9,20260622_174405
1782143041.2603347,9612280,2460743680,2460.74368,62,0,151,9,20260622_174405
1782143041.2703187,9612319,2460753664,2460.753664,66,65,151,9,20260622_174405
1782143041.2803028,9612358,2460763648,2460.763648,69,0,151,9,20260622_174405
1782143041.2902868,9612397,2460773632,2460.773632,72,115,151,9,20260622_174405
1782143041.3002708,9612436,2460783616,2460.783616,75,0,151,9,20260622_174405
1782143041.3102548,9612475,2460793600,2460.7936,78,110,151,9,20260622_174405
1782143041.3202388,9612514,2460803584,2460.803584,82,9,151,9,20260622_174405
1782143041.3302228,9612553,2460813568,2460.813568,85,123,151,9,20260622_174405
1782143041.3402066,9612592,2460823552,2460.823552,88,63,151,9,20260622_174405
1782143041.3504467,9612632,2460833792,2460.833792,91,22,152,9,20260622_174405
1782143041.3604307,9612671,2460843776,2460.843776,94,1,151,9,20260622_174405
1782143041.3704147,9612710,2460853760,2460.85376,98,53,151,9,20260622_174405
1782143041.3803988,9612749,2460863744,2460.863744,101,0,151,9,20260622_174405
1782143041.3903828,9612788,2460873728,2460.873728,104,88,152,9,20260622_174405
1782143041.4003668,9612827,2460883712,2460.883712,107,0,151,9,20260622_174405
1782143041.4103508,9612866,2460893696,2460.893696,110,0,151,9,20260622_174405
1782143041.4203348,9612905,2460903680,2460.90368,114,52,151,9,20260622_174405
1782143041.4303188,9612944,2460913664,2460.913664,117,0,151,9,20260622_174405
1782143041.4403028,9612983,2460923648,2460.923648,120,112,151,9,20260622_174405
1782143041.4502866,9613022,2460933632,2460.933632,123,0,151,9,20260622_174405
1782143041.4605267,9613062,2460943872,2460.943872,126,1,151,9,20260622_174405
1782143041.4705107,9613101,2460953856,2460.953856,129,110,151,9,20260622_174405
1782143041.4804947,9613140,2460963840,2460.96384,133,1,151,9,20260622_174405
1782143041.4904788,9613179,2460973824,2460.973824,136,0,151,9,20260622_174405
1782143041.5004628,9613218,2460983808,2460.983808,139,1,151,9,20260622_174405
1782143041.5104468,9613257,2460993792,2460.993792,142,1,151,9,20260622_174405
1782143041.5204308,9613296,2461003776,2461.003776,145,0,151,9,20260622_174405
1782143041.5304148,9613335,2461013760,2461.01376,149,2,151,9,20260622_174405
1782143041.540655,9613375,2461024000,2461.024,152,0,151,9,20260622_174405
1782143041.550639,9613414,2461033984,2461.033984,155,0,151,9,20260622_174405
1782143041.5606227,9613453,2461043968,2461.043968,158,1,151,9,20260622_174405
1782143041.5706067,9613492,2461053952,2461.053952,161,0,152,9,20260622_174405
1782143041.5805907,9613531,2461063936,2461.063936,165,0,151,9,20260622_174405
1782143041.5905747,9613570,2461073920,2461.07392,168,129,151,9,20260622_174405
1782143041.6005588,9613609,2461083904,2461.083904,171,2,151,9,20260622_174405
1782143041.6105428,9613648,2461093888,2461.093888,174,146,151,9,20260622_174405
1782143041.6205268,9613687,2461103872,2461.103872,177,0,151,9,20260622_174405
1782143041.6305108,9613726,2461113856,2461.113856,180,125,151,9,20260622_174405
1782143041.6404948,9613765,2461123840,2461.12384,184,0,151,9,20260622_174405
1782143041.650735,9613805,2461134080,2461.13408,187,78,151,9,20260622_174405
1782143041.660719,9613844,2461144064,2461.144064,190,0,151,9,20260622_174405
1782143041.6707027,9613883,2461154048,2461.154048,193,0,151,9,20260622_174405
1782143041.6806867,9613922,2461164032,2461.164032,196,0,151,9,20260622_174405
1782143041.6906707,9613961,2461174016,2461.174016,200,43,152,9,20260622_174405
